GeneSymbol	correlation	pvalue
ABCA1	0.5517636	0.03922801
ABCA5	0.56538967	0.03494303
ABCA9	0.53969448	0.04330431
ABCB1	0.75517333	0.00360286
ABCC1	0.72321613	0.00594879
ABCC3	0.60791351	0.02361946
ABCC4	0.59480504	0.02679161
ABCC8	0.86558579	0.0002875
ABCC9	0.82799255	0.00082378
ABCG2	0.72936857	0.00542941
ABHD12	0.67721861	0.01103404
ABHD12B	0.69973976	0.00826422
ABHD6	0.73226616	0.00519655
ABLIM2	0.58303793	0.02987694
ABLIM3	0.74554226	0.0042214
ABT1	0.64806936	0.01552444
ABTB1	0.61222253	0.02263592
ABTB2	0.86432469	0.00029927
ACADL	0.62255873	0.02039258
ACAN	0.80236829	0.00147945
ACBD7	0.56730044	0.0343685
ACHE	0.55432138	0.03839829
ACPL2	0.76119274	0.00325167
ACSL3	0.57955514	0.03083445
ACSL4	0.85505896	0.00039728
ACSL6	0.75273122	0.00375296
ACSM5	0.70325153	0.00788249
ACTC1	0.77286237	0.00264322
ACTG1	0.73358514	0.005093
ACTN2	0.70004808	0.00823019
ACTN4	0.6217627	0.02055962
ACTR10	0.57787764	0.03130297
ACTR1B	0.62310647	0.02027819
ACVR2A	0.86441196	0.00029845
ADAD2	0.56090987	0.03631525
ADAM22	0.67003244	0.01204175
ADAM23	0.68694338	0.00976779
ADAM28	0.70054061	0.00817603
ADAMTS16	0.72106233	0.00613883
ADAMTS17	0.91780132	0.000034
ADAMTS19	0.877561	0.00019235
ADAMTS3	0.8334564	0.00071838
ADAMTS5	0.5937842	0.02705024
ADAMTS8	0.83955622	0.00061301
ADAMTSL3	0.53093574	0.04643178
ADCY1	0.80983238	0.00125852
ADCY2	0.72114204	0.00613172
ADCY7	0.83302081	0.00072639
ADCY8	0.70536528	0.00765892
ADCY9	0.79414282	0.00175495
ADCYAP1	0.73836541	0.00473022
ADCYAP1R1	0.58720056	0.02875927
ADD3	0.73527123	0.00496281
ADHFE1	0.72038471	0.00619952
ADO	0.59238542	0.02740738
ADORA2B	0.55138472	0.03935192
ADRA1B	0.62621942	0.01963651
ADRA1D	0.82879237	0.00080767
ADRA2A	0.52508189	0.04860273
ADRA2C	0.53126298	0.04631234
ADRB1	0.76598237	0.00299071
ADRB2	0.64484574	0.01608913
ADSSL1	0.56314831	0.03562515
AFF1	0.68575944	0.00991611
AFTPH	0.68116139	0.01050738
AGAP2	0.76346674	0.00312578
AGAP3	0.59947548	0.0256299
AGPAT2	0.52181158	0.049844
AGPAT3	0.70290491	0.00791959
AGPAT5	0.5261849	0.04818868
AGPAT9	0.90530586	0.0000631
AGXT2L1	0.56640393	0.03463727
AHNAK2	0.81675852	0.00107641
AIFM2	0.66558387	0.01269729
AIFM3	0.78871024	0.00195663
AIP	0.53873977	0.04363824
AK5	0.54582263	0.04120111
AK7	0.74821525	0.00404252
AKAP1	0.54454127	0.04163514
AKAP13	0.67982463	0.01068389
AKAP7	0.62000471	0.02093188
ALDH1A3	0.77387534	0.00259469
ALDH1B1	0.76625093	0.00297655
ALDH6A1	0.84339535	0.00055293
ALDOC	0.53884718	0.04360058
ALG1L	0.56579345	0.03482109
ALK	0.64929662	0.01531316
ALPL	0.81160807	0.0012098
AMIGO2	0.88487973	0.00014737
AMT	0.65350018	0.0146048
ANGPTL1	0.71007317	0.00717742
ANK1	0.92831042	0.0000187
ANKDD1A	0.73854383	0.00471706
ANKFN1	0.67070006	0.01194549
ANKFY1	0.56803203	0.03415023
ANKH	0.91087907	0.0000484
ANKRD16	0.58717941	0.02876488
ANKRD29	0.80816442	0.0013056
ANKRD32	0.59832949	0.02591169
ANKRD50	0.72819482	0.00552585
ANKRD6	0.86101739	0.00033187
ANKS1A	0.58517244	0.0293002
ANKZF1	0.63052619	0.01877221
ANO10	0.64154257	0.01668254
ANO3	0.96051674	0.00000134
ANO5	0.75786102	0.00344279
ANP32E	0.68055205	0.01058758
ANTXR2	0.86902466	0.00025718
ANXA6	0.76859619	0.00285497
AP1S1	0.75344502	0.00370862
AP1S2	0.58476755	0.02940902
AP2A2	0.52145128	0.04998201
AP2B1	0.8252767	0.00088029
APAF1	0.70079357	0.00814831
APBA1	0.76788012	0.0028917
APBB1IP	0.58359705	0.02972513
APCDD1	0.60888301	0.02339566
APLN	0.64899824	0.01536434
APLNR	0.64942071	0.01529191
APOBEC3G	0.65760224	0.01393608
APOE	0.63668771	0.01758225
APOL2	0.74050441	0.00457415
AQP1	0.56516738	0.03501029
AQP4	0.79796792	0.00162249
AQP9	0.76658804	0.00295884
AQR	0.54232256	0.04239384
AR	0.8606093	0.00033607
ARHGAP10	0.81211861	0.00119606
ARHGAP18	0.63366414	0.0181594
ARHGAP25	0.54236208	0.04238025
ARHGAP26	0.55253868	0.03897533
ARHGAP28	0.8343007	0.00070304
ARHGAP29	0.80033338	0.00154438
ARHGAP6	0.69245533	0.00909807
ARHGAP9	0.70756689	0.00743095
ARHGDIB	0.57048052	0.03342648
ARHGDIG	0.66237005	0.01318631
ARHGEF10L	0.64695946	0.01571727
ARHGEF11	0.56304844	0.03565575
ARID3B	0.70874834	0.00731064
ARIH2	0.65491358	0.01437189
ARL10	0.85686956	0.00037646
ARL15	0.69793841	0.0084651
ARL2BP	0.57844437	0.03114415
ARL4C	0.62559129	0.01976484
ARL8B	0.61312288	0.02243404
ARMC2	0.57108165	0.03325039
ARMCX1	0.676292	0.01116048
ARMCX2	0.55347405	0.03867185
ARMCX4	0.80048874	0.00153935
ARNTL	0.64568754	0.0159403
ARPP19	0.89323591	0.0001063
ARRB1	0.7333783	0.00510914
ARRB2	0.57158405	0.0331037
ARSJ	0.56236707	0.03586499
AS3MT	0.71587539	0.00661446
ASAH1	0.54043525	0.04304638
ASAP2	0.66706091	0.0124769
ASAP3	0.6445966	0.01613337
ASB1	0.77177815	0.0026959
ASB13	0.92307216	0.0000254
ASB2	0.7777974	0.00241296
ASNS	0.55851057	0.03706483
ASPHD2	0.56901624	0.03385805
ASPSCR1	0.56995437	0.03358112
ATAD2	0.60100928	0.02525605
ATAD5	0.52964778	0.04690385
ATG16L1	0.52707887	0.04785481
ATG4A	0.56641672	0.03463343
ATG4D	0.75310605	0.00372963
ATOH7	0.80657566	0.00135165
ATP10A	0.53237438	0.0459082
ATP1A1	0.70416573	0.00778523
ATP1B3	0.74420618	0.00431295
ATP2A2	0.83889707	0.0006238
ATP2B2	0.91116954	0.0000477
ATP2B3	0.88574793	0.00014262
ATP2B4	0.95462542	0.00000248
ATP4A	0.7157042	0.0066306
ATP6V0E1	0.54517498	0.04142011
ATP6V0E2	0.56444921	0.03522817
ATP6V1C2	0.62224024	0.0204593
ATP8B2	0.76073224	0.00327761
ATP8B4	0.52598767	0.04826255
AUTS2	0.75702574	0.00349196
AVPI1	0.76149973	0.00323446
AXL	0.71627019	0.00657735
B3GALNT1	0.71957824	0.00627231
B3GALTL	0.81616636	0.00109116
B3GNT5	0.53470301	0.04506897
B4GALT2	0.85934595	0.00034933
BACE2	0.80446288	0.00141476
BACH2	0.57317027	0.03264342
BAI2	0.63821786	0.01729511
BAI3	0.52346328	0.04921453
BAIAP3	0.96437172	8.46e-7
BAK1	0.74735243	0.00409964
BBS7	0.56808733	0.03413376
BCAN	0.54867599	0.04024542
BCAT1	0.80784625	0.00131473
BCKDK	0.62934931	0.01900571
BCL11A	0.62842109	0.01919129
BCL11B	0.75918796	0.00336571
BCL2A1	0.62249275	0.02040639
BCL3	0.66660954	0.01254396
BCL6	0.63308171	0.01827207
BCL7C	0.78830023	0.00197252
BCO2	0.69581025	0.0087069
BCR	0.63375146	0.01814255
BEGAIN	0.6408117	0.01681588
BEND5	0.59397194	0.02700255
BEND6	0.89009251	0.00012057
BEND7	0.71176878	0.00700947
BHLHE22	0.83770961	0.00064359
BHLHE40	0.76278757	0.00316299
BHLHE41	0.60439575	0.02444391
BMP3	0.7572805	0.00347691
BMP4	0.86487887	0.00029406
BMP5	0.69308571	0.00902363
BMP8A	0.7769775	0.00245015
BPHL	0.59889414	0.02577259
BRD1	0.52981494	0.04684241
BRD2	0.54975037	0.03988942
BRMS1L	0.70773885	0.00741335
BRP44	0.63383587	0.01812627
BRP44L	0.56750477	0.03430745
BTG3	0.72109691	0.00613574
BTNL2	0.67505748	0.01133053
BTRC	0.66527165	0.01274423
BZRAP1	0.7499742	0.00392786
C10orf10	0.89839637	0.0000857
C10orf116	0.59926592	0.02568127
C11orf24	0.61075061	0.02296865
C11orf30	0.8522358	0.00043146
C11orf48	0.52586445	0.04830873
C11orf75	0.64867788	0.01541942
C11orf84	0.59091242	0.02778694
C12orf10	0.84763281	0.00049188
C12orf23	0.55768807	0.03732415
C12orf5	0.52721334	0.04780472
C12orf57	0.70588436	0.00760472
C13orf33	0.59550827	0.02661443
C14orf132	0.7093396	0.00725097
C15orf41	0.72958999	0.00541135
C16orf45	0.53117878	0.04634306
C17orf75	0.54680745	0.04086957
C18orf1	0.68509192	0.01000044
C18orf25	0.65554872	0.01426809
C18orf34	0.58775576	0.02861238
C19orf43	0.66042032	0.01348939
C19orf70	0.61414714	0.0222059
C1orf173	0.53817635	0.0438361
C1orf187	0.65806468	0.01386208
C1orf201	0.5391127	0.0435076
C1orf228	0.64259837	0.01649123
C1orf54	0.56952659	0.03370721
C1orf64	0.52626702	0.04815795
C1orf95	0.90717937	0.0000578
C1QL1	0.57138241	0.03316252
C1QTNF1	0.64043185	0.01688547
C1R	0.90831236	0.0000548
C1RL	0.73618206	0.0048935
C1S	0.73744905	0.00479826
C22orf25	0.58943967	0.02817
C2orf55	0.79192206	0.00183544
C2orf65	0.83541472	0.00068318
C2orf69	0.66481738	0.01281274
C3orf52	0.65497135	0.01436243
C3orf58	0.54032636	0.04308423
C4orf21	0.57498499	0.03212216
C4orf33	0.53056017	0.04656911
C5	0.74096801	0.00454082
C5orf24	0.6855186	0.00994647
C5orf45	0.55040808	0.03967253
C6orf106	0.62781211	0.01931373
C6orf211	0.81055943	0.0012384
C6orf47	0.61726105	0.02152214
C7orf23	0.83831648	0.00063342
C8orf46	0.94077616	0.00000804
C9orf91	0.77787267	0.00240957
C9orf96	0.63458951	0.01798138
CA10	0.84286807	0.00056091
CA11	0.7403656	0.00458416
CA12	0.56241436	0.03585045
CA7	0.87419777	0.0002162
CAB39	0.62132434	0.02065201
CABP1	0.8421795	0.00057146
CABP7	0.61404417	0.02222876
CACHD1	0.69871022	0.00837861
CACNA1C	0.72859199	0.00549308
CACNA1D	0.64358508	0.01631383
CACNA1E	0.53654355	0.04441285
CACNA1H	0.93823998	0.00000968
CACNA1S	0.68559297	0.00993709
CACNA2D2	0.73530733	0.00496005
CACNB2	0.63682523	0.01755631
CACNB4	0.74342028	0.00436747
CACNG1	0.54035605	0.04307391
CACNG2	0.69890679	0.00835668
CACNG3	0.77876276	0.00236971
CACNG7	0.53853036	0.04371171
CADM1	0.83519587	0.00068704
CADPS2	0.93261013	0.0000142
CALB1	0.76593191	0.00299338
CALB2	0.81936213	0.00101332
CALCOCO1	0.75513456	0.0036052
CALCR	0.54767112	0.04058028
CALN1	0.63923851	0.01710542
CAMK1D	0.53766929	0.04401467
CAMK1G	0.61163835	0.02276758
CAMK2B	0.66284138	0.01311377
CAMK2D	0.92970854	0.0000171
CAMK2G	0.73134213	0.00527001
CAMK4	0.76711649	0.00293125
CAMKK1	0.6352615	0.01785287
CAMKV	0.79684599	0.00166054
CAMTA1	0.85423259	0.00040706
CAP1	0.67765342	0.01097506
CAPN1	0.65225595	0.01481201
CARTPT	0.8632578	0.00030951
CASC1	0.76658852	0.00295882
CASK	0.60718082	0.02378958
CASP3	0.65746374	0.0139583
CBFB	0.69084779	0.00928988
CBLN1	0.78169948	0.00224165
CBLN2	0.94450388	0.00000604
CBLN4	0.78689728	0.00202761
CBR4	0.60992664	0.02315638
CBS	0.84439847	0.00053799
CCBE1	0.79338893	0.00178197
CCDC102A	0.58785752	0.02858552
CCDC109B	0.76102254	0.00326124
CCDC110	0.6257648	0.01972933
CCDC112	0.64321312	0.01638055
CCDC126	0.65220766	0.0148201
CCDC136	0.60537554	0.02421232
CCDC138	0.72423005	0.00586082
CCDC146	0.73918608	0.00466989
CCDC148	0.64312869	0.01639572
CCDC28A	0.72267253	0.00599635
CCDC3	0.78294185	0.00218904
CCDC40	0.70733886	0.00745433
CCDC41	0.72782612	0.0055564
CCDC47	0.53144469	0.04624611
CCDC68	0.81714667	0.00106683
CCDC69	0.67629038	0.0111607
CCDC80	0.59457836	0.02684889
CCDC90A	0.5612536	0.0362087
CCIN	0.61761525	0.0214453
CCK	0.56974475	0.03364287
CCKBR	0.73556299	0.00494053
CCL1	0.68407438	0.01012996
CCL28	0.69610079	0.0086736
CCNA1	0.73169661	0.00524174
CCNB1IP1	0.81122472	0.0012202
CCND2	0.5306274	0.04654451
CCNE1	0.52712524	0.04783753
CCNI	0.65889618	0.01372971
CCNO	0.6113341	0.02283635
CCNY	0.67268426	0.0116626
CCPG1	0.65700383	0.01403227
CCR10	0.6770446	0.0110577
CD24	0.80859003	0.00129347
CD53	0.7912239	0.00186129
CD59	0.57585524	0.0318742
CD6	0.8349321	0.00069173
CD63	0.83530623	0.00068509
CD86	0.53229934	0.04593541
CD99L2	0.84804047	0.00048628
CDADC1	0.73163424	0.0052467
CDC42SE2	0.9401643	0.00000842
CDC6	0.53781541	0.04396317
CDCA5	0.62337384	0.02022251
CDH10	0.85508865	0.00039693
CDH11	0.78005955	0.00231251
CDH12	0.81949005	0.0010103
CDH13	0.52785754	0.04756524
CDH4	0.81902725	0.00102128
CDH6	0.61798347	0.02136562
CDH7	0.87635463	0.00020067
CDH8	0.94673771	0.00000503
CDH9	0.94655286	0.00000511
CDK2AP1	0.56769933	0.03424938
CDK5	0.79696562	0.00165645
CDK5RAP2	0.52624872	0.0481648
CDKN1B	0.78435504	0.00213031
CDR2L	0.84871432	0.00047714
CDS1	0.83301563	0.00072648
CDYL	0.61724301	0.02152606
CELF3	0.87596727	0.00020339
CELSR2	0.59403518	0.0269865
CEND1	0.89406445	0.00010277
CENPF	0.5758478	0.03187632
CENPJ	0.66681684	0.01251313
CEP192	0.63539972	0.01782652
CEP57	0.73736705	0.00480438
CEP95	0.61985932	0.02096288
CEP97	0.61087695	0.02293996
CERK	0.94315204	0.00000671
CETN2	0.56292748	0.03569284
CFL2	0.80553488	0.00138247
CHAC1	0.76231405	0.00318914
CHCHD6	0.63661937	0.01759515
CHD3	0.82870652	0.00080939
CHGA	0.69977274	0.00826058
CHL1	0.87936829	0.00018039
CHML	0.62555928	0.01977139
CHMP1A	0.71531305	0.00666758
CHN1	0.58649355	0.02894706
CHPF	0.52455148	0.04880266
CHRD	0.74315241	0.00438616
CHRDL1	0.91806772	0.0000335
CHRM2	0.72530518	0.00576857
CHRNA2	0.53746849	0.04408552
CHRNA4	0.62314168	0.02027085
CHRNB3	0.64389591	0.01625823
CHST10	0.7533419	0.003715
CHSY3	0.87028623	0.00024669
CIDEA	0.61117598	0.02287215
CIT	0.84846993	0.00048044
CITED2	0.69316886	0.00901384
CITED4	0.64511368	0.01604166
CKAP2	0.57146927	0.03313717
CLCNKB	0.68847668	0.00957807
CLDN1	0.64896655	0.01536978
CLDN5	0.56184635	0.03602546
CLEC4G	0.68084576	0.01054887
CLGN	0.72919559	0.00544354
CLIC6	0.68811629	0.00962242
CLINT1	0.77550558	0.00251797
CLIP3	0.55915101	0.03686374
CLIP4	0.53240805	0.04589599
CLN6	0.7644913	0.00307024
CLNS1A	0.70258748	0.00795368
CMAS	0.81376108	0.00115263
CMTM1	0.59362743	0.02709011
CMTM3	0.66209812	0.01322829
CMTM4	0.86371963	0.00030505
CMTM8	0.67622653	0.01116945
CMYA5	0.91470606	0.00004
CNDP1	0.60211248	0.02498948
CNIH3	0.5788685	0.03102565
CNN3	0.6825029	0.01033235
CNNM1	0.62700525	0.01947679
CNNM2	0.52312986	0.04934117
CNR1	0.89962946	0.0000813
CNTN1	0.65567398	0.01424768
CNTN4	0.67640255	0.01114534
CNTN5	0.8721011	0.00023217
CNTN6	0.77099847	0.00273426
CNTNAP5	0.83812422	0.00063663
COASY	0.66838043	0.01228232
COBLL1	0.61688311	0.02160435
COCH	0.8734069	0.00022212
COG1	0.83621286	0.00066921
COL10A1	0.75535083	0.00359212
COL13A1	0.60202434	0.0250107
COL19A1	0.53338872	0.04554138
COL20A1	0.52210777	0.04973074
COL21A1	0.63859948	0.01722401
COL24A1	0.53142093	0.04625476
COL4A3BP	0.73599297	0.00490783
COL5A1	0.61717161	0.02154158
COL5A2	0.58295568	0.02989932
COL9A1	0.52971927	0.04687757
COMMD9	0.65738099	0.01397159
COMT	0.60159802	0.02511355
COPA	0.71284748	0.00690411
CORO1A	0.74250967	0.00443126
CORO1B	0.68446549	0.01008004
CORO6	0.54772474	0.04056237
CORO7	0.83166641	0.00075172
COX10	0.72188126	0.00606606
COX7A1	0.53265907	0.04580505
CPLX1	0.9069965	0.0000583
CPLX2	0.86678422	0.00027664
CPLX3	0.64345329	0.01633745
CPNE3	0.56642256	0.03463167
CPNE4	0.61893812	0.02115999
CPNE5	0.72207722	0.00604874
CPNE6	0.86028022	0.00033949
CPNE7	0.88630514	0.00013963
CPNE9	0.72564124	0.00573996
CPPED1	0.68673243	0.0097941
CPSF1	0.77661128	0.0024669
CPSF4	0.578931	0.03100821
CPT1A	0.85763764	0.00036788
CPVL	0.63229899	0.01842426
CPXM2	0.56023565	0.03652485
CRB1	0.70129131	0.00809397
CREB3	0.65325278	0.01464584
CREB3L1	0.64340069	0.01634688
CRELD2	0.79415908	0.00175437
CREM	0.53357527	0.04547413
CRH	0.54972006	0.03989944
CRHBP	0.59588946	0.02651873
CRHR2	0.94343684	0.00000657
CRIM1	0.69541535	0.0087523
CRIP2	0.85126253	0.00044374
CRIP3	0.61165871	0.02276298
CRIPAK	0.56470471	0.03515055
CRLF1	0.73129758	0.00527357
CRLS1	0.70072838	0.00815545
CRMP1	0.55176547	0.0392274
CROT	0.8432314	0.0005554
CRTAC1	0.726054	0.00570495
CRY2	0.69449645	0.00885861
CRYGN	0.54706363	0.04078362
CRYM	0.71880453	0.00634272
CS	0.59684686	0.0262794
CSDC2	0.81656001	0.00108134
CSF1R	0.62954879	0.01896599
CSMD3	0.55233316	0.03904223
CSN1S1	0.83348455	0.00071786
CSPG5	0.74957019	0.00395398
CSTF2T	0.52978345	0.04685398
CTNNAL1	0.70752709	0.00743503
CTNNBIP1	0.53856439	0.04369976
CTNND2	0.83260901	0.00073402
CTSA	0.71449875	0.00674504
CTSZ	0.83529783	0.00068524
CTXN1	0.8173365	0.00106216
CUL5	0.80853793	0.00129495
CUX1	0.85441835	0.00040485
CX3CR1	0.71660157	0.00654632
CXorf1	0.56469358	0.03515393
CXorf57	0.80673178	0.00134708
CXXC11	0.8138267	0.00115092
CXXC4	0.73652776	0.00486738
CYB5A	0.54980453	0.03987154
CYB5B	0.55748834	0.03738731
CYB5R1	0.7110525	0.00708006
CYB5R4	0.67304987	0.011611
CYBB	0.81241007	0.00118826
CYBRD1	0.59225023	0.02744207
CYC1	0.71677909	0.00652974
CYP26B1	0.70665511	0.00752476
CYP2C18	0.75878714	0.00338886
CYP2E1	0.79215758	0.00182677
CYP46A1	0.63309385	0.01826972
CYTH4	0.58025616	0.03064007
CYTL1	0.77935825	0.00234332
DAK	0.53608927	0.04457421
DAP	0.81296374	0.00117356
DAPK3	0.81676649	0.00107622
DBC1	0.9369191	0.0000106
DBNDD1	0.56632091	0.03466223
DCBLD2	0.9160611	0.0000373
DCHS2	0.88844304	0.00012861
DCLK2	0.61033745	0.02306265
DCLRE1A	0.549162	0.04008412
DCP1A	0.84357987	0.00055016
DCPS	0.67366158	0.01152503
DCUN1D2	0.92734217	0.0000198
DCUN1D3	0.57790037	0.03129659
DDAH1	0.65648501	0.01411603
DDAH2	0.8733279	0.00022272
DDB2	0.55508541	0.03815274
DDR2	0.57859065	0.03110324
DDX19B	0.73384084	0.0050731
DEFB1	0.56558884	0.03488285
DENND1A	0.71180738	0.00700568
DENND1B	0.53458838	0.04511005
DENND4B	0.81875182	0.00102786
DENND4C	0.62809323	0.01925714
DERL2	0.56904497	0.03384955
DEXI	0.8031764	0.00145423
DFFB	0.66666448	0.01253579
DGKB	0.88606856	0.00014089
DGKG	0.8291072	0.0008014
DGKI	0.53562438	0.04473973
DHDDS	0.5492378	0.040059
DHX35	0.5382728	0.04380219
DIAPH2	0.76961315	0.0028034
DIO2	0.75897059	0.00337825
DIRAS3	0.80365205	0.00143954
DIS3L2	0.60166921	0.02509635
DLC1	0.60582476	0.02410665
DLEU7	0.55266141	0.03893542
DLG2	0.82991468	0.00078547
DLG5	0.68302496	0.0102648
DMD	0.87119503	0.00023933
DMGDH	0.73107467	0.00529141
DMKN	0.67547542	0.01127276
DMRT3	0.82819624	0.00081966
DMWD	0.5350938	0.04492913
DNAH5	0.67966261	0.01070543
DNAH6	0.52583412	0.0483201
DNAJA4	0.89444691	0.00010117
DNAJC21	0.59621104	0.02643817
DNAJC4	0.57297058	0.03270112
DNAJC5G	0.85671362	0.00037822
DNAL1	0.54129047	0.04274987
DNMT3B	0.5591671	0.0368587
DOC2A	0.84525201	0.00052552
DOCK7	0.85270075	0.00042568
DOCK9	0.57538216	0.03200884
DOK3	0.84772364	0.00049063
DOK6	0.86563497	0.00028705
DOM3Z	0.58987851	0.02805549
DPM3	0.81708161	0.00106843
DPP4	0.77804021	0.00240203
DPP6	0.71870672	0.00635166
DPT	0.81113534	0.00122263
DPYSL3	0.94011644	0.00000845
DPYSL5	0.55562521	0.03797989
DRD5	0.91998426	0.0000302
DRP2	0.7097498	0.00720977
DSCAML1	0.53672473	0.04434861
DSCC1	0.54303214	0.04215021
DSEL	0.77484085	0.00254905
DSTYK	0.52780015	0.04758654
DTNB	0.67888022	0.01080985
DTX3	0.70260133	0.00795219
DUS1L	0.53779149	0.0439716
DUSP18	0.61192065	0.02270389
DUSP2	0.5458732	0.04118404
DUSP7	0.6868333	0.00978151
DVL2	0.52513577	0.04858245
DYNLL1	0.52777629	0.0475954
DYNLT3	0.64158654	0.01667454
DYRK3	0.59692749	0.02625931
E2F1	0.85535614	0.0003938
E2F3	0.73838688	0.00472864
E2F5	0.76975425	0.0027963
ECE2	0.77595503	0.00249712
ECM1	0.8621278	0.00032064
ECSIT	0.81587047	0.00109859
EDA	0.73547639	0.00494714
EDEM1	0.52648299	0.04807719
EDNRA	0.89341813	0.00010552
EDNRB	0.71291919	0.00689714
EEPD1	0.63662354	0.01759437
EFCAB1	0.62414281	0.02006298
EFEMP1	0.66014352	0.01353281
EFHA2	0.56440897	0.0352404
EFHC2	0.7693857	0.00281487
EFNA5	0.68550094	0.0099487
EFNB2	0.64629335	0.0158338
EFNB3	0.70553824	0.00764083
EFR3B	0.92626073	0.0000211
EGF	0.57960757	0.03081988
EHD2	0.57998042	0.03071643
EHMT1	0.64639453	0.01581606
EIF2A	0.58290341	0.02991354
EIF2S3	0.7137263	0.00681912
EIF3J	0.56942753	0.03373645
EIF5A2	0.90053903	0.0000781
ELL	0.67131582	0.01185718
ELL2	0.52159714	0.04992611
ELMO2	0.59687802	0.02627163
ELTD1	0.83662595	0.00066206
EMB	0.73310021	0.00513089
EMC3	0.62218901	0.02047005
EMCN	0.7118077	0.00700564
EMID1	0.81834988	0.00103752
EML1	0.70294605	0.00791518
EML2	0.70939161	0.00724574
EMP2	0.53133495	0.0462861
ENAH	0.70544865	0.0076502
ENC1	0.82426424	0.00090208
ENG	0.52904058	0.04712749
ENKUR	0.86186894	0.00032323
ENO1	0.68166065	0.010442
ENO2	0.80233509	0.00148049
ENOX1	0.93841836	0.00000955
ENPP5	0.68690207	0.00977294
ENTPD1	0.54186347	0.04255196
ENTPD4	0.77824027	0.00239305
ENY2	0.56344901	0.03553313
EPB41	0.87539742	0.00020745
EPB41L1	0.66315467	0.01306572
EPB41L3	0.79739583	0.00164181
EPB41L4A	0.55529303	0.0380862
EPB41L4B	0.80544334	0.00138521
EPCAM	0.75973951	0.00333405
EPDR1	0.8225853	0.00093909
EPHA3	0.85233326	0.00043024
EPHA5	0.54561951	0.04126971
EPHA6	0.71427801	0.00676615
EPHA7	0.52933575	0.04701869
EPHB6	0.65747537	0.01395644
EPHX1	0.71748982	0.00646367
EPHX2	0.53438955	0.04518135
EPHX4	0.85463738	0.00040225
EPRS	0.61368527	0.02230857
ERBB2	0.52882907	0.04720556
ERBB4	0.59423733	0.02693523
ERC2	0.66349852	0.01301311
ERG	0.78327253	0.00217519
ERICH1	0.70219669	0.00799579
ERLIN1	0.66603068	0.01263033
ERRFI1	0.6613531	0.01334379
ESAM	0.72530885	0.00576826
ESRRA	0.79851781	0.00160408
ESRRG	0.92384908	0.0000243
ESYT1	0.78987286	0.0019121
ETFB	0.69445716	0.00886318
ETNK2	0.86396372	0.00030271
ETS2	0.76234766	0.00318727
ETV1	0.9158274	0.0000377
ETV4	0.63089981	0.0186985
ETV6	0.75616443	0.00354321
EVI2B	0.6451282	0.01603909
EXOC4	0.52450858	0.04881885
EXOC6	0.65617964	0.0141655
EXOG	0.67837247	0.01087801
EXTL2	0.86775669	0.00026806
EYA1	0.62786748	0.01930257
EYA2	0.71259044	0.00692911
EYA3	0.71346135	0.00684466
EYA4	0.9729236	2.49e-7
F12	0.56039085	0.03647653
F13A1	0.58485824	0.02938462
F7	0.55515531	0.03813033
FABP3	0.59875237	0.02580746
FABP6	0.78331491	0.00217342
FABP7	0.95739237	0.00000187
FADS1	0.68970666	0.00942779
FADS3	0.88292157	0.00015852
FAH	0.6737638	0.0115107
FAM105A	0.77282932	0.00264482
FAM107A	0.60017977	0.02545777
FAM110A	0.69698733	0.00857255
FAM120AOS	0.5433434	0.04204363
FAM126A	0.7690469	0.00283203
FAM126B	0.5930922	0.02722652
FAM129B	0.58294175	0.02990311
FAM131B	0.84961647	0.00046511
FAM135B	0.84639075	0.00050922
FAM13B	0.91153114	0.0000469
FAM156A	0.63294373	0.01829883
FAM163A	0.87541366	0.00020734
FAM167A	0.59993304	0.02551798
FAM171B	0.72488259	0.00580471
FAM174B	0.57164323	0.03308645
FAM188B	0.85225765	0.00043119
FAM19A1	0.82911613	0.00080122
FAM19A2	0.77120575	0.00272402
FAM40B	0.65491007	0.01437247
FAM43A	0.54293398	0.04218385
FAM49A	0.78396597	0.00214636
FAM49B	0.83459482	0.00069775
FAM57B	0.75222594	0.00378458
FAM65B	0.90277322	0.0000708
FAM69B	0.54277917	0.04223696
FAM70A	0.69725695	0.00854199
FAM73B	0.56908997	0.03383623
FAM78A	0.82327662	0.00092372
FAM83D	0.86837395	0.00026272
FAM84A	0.60828773	0.0235329
FANCC	0.63760841	0.01740908
FARP1	0.86873786	0.00025961
FASTKD1	0.75062635	0.00388597
FAT4	0.53753625	0.04406161
FBLN2	0.84051132	0.00059763
FBLN7	0.80734666	0.00132916
FBXL16	0.60678699	0.02388136
FBXL2	0.54661399	0.04093456
FBXO15	0.77356218	0.00260962
FBXO2	0.71187357	0.00699918
FBXO21	0.6771139	0.01104827
FBXO32	0.70337618	0.00786917
FBXO33	0.77161156	0.00270406
FBXO42	0.6043749	0.02444885
FBXO6	0.57959266	0.03082402
FBXW7	0.55314529	0.03877833
FCGBP	0.54623558	0.04106187
FCGRT	0.52768682	0.04762863
FEM1C	0.65257503	0.01475868
FEZF2	0.7233017	0.00594133
FGF2	0.5839924	0.0296181
FGF5	0.74121059	0.00452345
FGF9	0.9245752	0.0000233
FGFR1	0.85204234	0.00043388
FGGY	0.59694375	0.02625526
FHDC1	0.82668278	0.00085068
FHL2	0.7286324	0.00548975
FIBIN	0.70110696	0.00811406
FILIP1	0.86565575	0.00028686
FJX1	0.56479811	0.03512221
FKBP1A	0.78653447	0.00204204
FKBP5	0.72204248	0.00605181
FKBP7	0.8016543	0.00150199
FLJ33996	0.74410907	0.00431966
FLRT1	0.52915713	0.04708451
FLRT3	0.64823853	0.01549519
FLT1	0.53830435	0.0437911
FLT3	0.84406061	0.00054299
FNBP1L	0.85214999	0.00043253
FNBP4	0.70735111	0.00745307
FNDC4	0.81728325	0.00106347
FNDC5	0.82927143	0.00079814
FNTB	0.67975087	0.01069369
FOLR1	0.60001892	0.02549701
FOSL2	0.65603622	0.01418877
FOXD4L3	0.76851569	0.00285908
FOXP1	0.64608862	0.01586974
FOXP2	0.71261965	0.00692626
FOXRED1	0.66155937	0.01331174
FOXRED2	0.7402355	0.00459356
FREM2	0.54556355	0.04128862
FSTL4	0.80509556	0.00139563
FSTL5	0.924151	0.0000239
FXYD1	0.70672374	0.00751767
FXYD6	0.89484224	0.0000995
FYB	0.64247663	0.01651321
FZD6	0.6320204	0.01847864
GABBR1	0.64547262	0.01597821
GABRA1	0.69761539	0.00850149
GABRA2	0.73716142	0.00481976
GABRA3	0.93706277	0.0000105
GABRA5	0.90526831	0.0000632
GABRB1	0.89617505	0.0000942
GABRB2	0.52422924	0.04892438
GABRB3	0.78133685	0.00225718
GABRD	0.7543391	0.00365363
GABRE	0.7104139	0.00714344
GABRG1	0.6635449	0.01300603
GABRG2	0.89011822	0.00012044
GABRQ	0.86551097	0.00028819
GADD45B	0.70400008	0.00780279
GAL	0.88169653	0.00016582
GALNT13	0.82987038	0.00078633
GALNT14	0.78935548	0.00193182
GALNTL4	0.94498724	0.00000581
GALNTL5	0.53061585	0.04654874
GAP43	0.85598698	0.0003865
GAR1	0.70723085	0.00746542
GAS2	0.57401974	0.03239871
GAS6	0.81187079	0.00120271
GATAD2A	0.74692246	0.00412833
GBE1	0.62516965	0.0198513
GCKR	0.62432064	0.02002621
GCNT1	0.82413856	0.00090481
GDA	0.88228786	0.00016227
GDPD1	0.56826943	0.03407959
GDPD2	0.56689943	0.03448855
GEM	0.68203767	0.01039281
GFM1	0.53142293	0.04625404
GFRA2	0.65054767	0.01509987
GGA2	0.60410189	0.02451366
GGCT	0.6033707	0.02468781
GGT5	0.53662781	0.04438297
GGT6	0.65116111	0.01499605
GHDC	0.60504186	0.02429102
GHR	0.76749858	0.00291141
GINS2	0.71344114	0.00684661
GIT1	0.75973854	0.0033341
GIT2	0.55265836	0.03893641
GJB1	0.5606679	0.03639038
GLB1	0.58416456	0.02957158
GLCCI1	0.84486638	0.00053113
GLCE	0.8348441	0.0006933
GLI2	0.58006083	0.03069415
GLIS3	0.54008379	0.04316863
GLP2R	0.67530355	0.01129649
GLRA2	0.78077611	0.00228135
GLRA3	0.9669044	6.09e-7
GLRX	0.59079248	0.027818
GLRX2	0.61091104	0.02293222
GLS2	0.73677011	0.00484913
GLT8D2	0.75761004	0.00345751
GLUD1	0.72564524	0.00573962
GMPR	0.55658056	0.03767525
GNA14	0.86981506	0.00025057
GNAI2	0.81909057	0.00101977
GNAL	0.75057174	0.00388946
GNB3	0.52503425	0.04862066
GNB4	0.84272652	0.00056306
GNB5	0.64655291	0.01578832
GNG2	0.87698782	0.00019627
GNG4	0.8594353	0.00034838
GNGT2	0.82812388	0.00082112
GNPTAB	0.82946217	0.00079436
GOLGA8A	0.6216731	0.02057848
GOLM1	0.80272858	0.00146817
GOT1	0.57256893	0.0328174
GPATCH8	0.52326407	0.04929017
GPC4	0.69994928	0.00824108
GPC5	0.72266635	0.00599689
GPC6	0.64246311	0.01651565
GPD1	0.52418999	0.04893923
GPD2	0.88268561	0.00015991
GPHN	0.75461649	0.00363669
GPLD1	0.97855351	8.79e-8
GPNMB	0.71149883	0.00703601
GPR108	0.73533989	0.00495756
GPR116	0.72603076	0.00570692
GPR125	0.61563727	0.02187685
GPR137B	0.61152054	0.02279419
GPR143	0.75424596	0.00365933
GPR155	0.58707966	0.02879132
GPR156	0.58554604	0.02920004
GPR158	0.75482746	0.00362384
GPR161	0.82709248	0.0008422
GPR21	0.67891567	0.01080511
GPR56	0.83216591	0.0007423
GPR6	0.71722087	0.00648862
GPR88	0.69675737	0.00859868
GPR98	0.85925454	0.0003503
GPRIN1	0.63332179	0.01822557
GPT2	0.59754269	0.02610638
GPX3	0.81264116	0.00118211
GRAMD1B	0.64751263	0.01562095
GRAMD1C	0.75940566	0.00335319
GRAMD4	0.67407661	0.01146695
GRASP	0.53858086	0.04369398
GRB14	0.70214757	0.00800109
GREM1	0.59488473	0.02677149
GRIA1	0.94638107	0.00000518
GRID2	0.65067524	0.01507824
GRIK2	0.78288489	0.00219143
GRIK4	0.86476344	0.00029514
GRIN2B	0.74370048	0.00434797
GRIN3A	0.86761274	0.00026932
GRK5	0.60036565	0.02541247
GRM1	0.81827059	0.00103943
GRM2	0.6011586	0.02521986
GRM7	0.77129228	0.00271976
GRM8	0.64068513	0.01683904
GRP	0.65814502	0.01384925
GRPEL2	0.79438655	0.00174628
GSG1	0.70762576	0.00742492
GSG1L	0.8396652	0.00061124
GSTM5	0.5360486	0.04458867
GSTO2	0.64839764	0.01546772
GSTT1	0.84247962	0.00056684
GTDC1	0.80208787	0.00148827
GTPBP4	0.63553755	0.01780027
GUCA1A	0.56757256	0.03428721
GUCY1A3	0.76289488	0.00315709
GUCY1B3	0.54855105	0.04028695
GULP1	0.91083999	0.0000485
GYPE	0.56813718	0.03411893
GZF1	0.56771575	0.03424448
H1F0	0.54796504	0.04048214
HACL1	0.77717118	0.00244133
HAGHL	0.54910532	0.04010291
HAPLN2	0.64417811	0.01620786
HAPLN4	0.86656233	0.00027863
HCFC1R1	0.62775722	0.01932479
HCN1	0.88850502	0.0001283
HCN2	0.80734458	0.00132922
HCRTR1	0.61322385	0.02241148
HCST	0.55253445	0.03897671
HDAC4	0.76512092	0.00303647
HDAC9	0.55896787	0.03692117
HEBP1	0.60758258	0.0236962
HECW1	0.60240366	0.02491944
HEG1	0.71804967	0.00641196
HEPH	0.53364925	0.04544748
HERC5	0.70794347	0.00739245
HERC6	0.63434282	0.01802872
HERPUD1	0.8117302	0.0012065
HES6	0.63116347	0.0186466
HEY1	0.52141654	0.04999533
HGF	0.83419066	0.00070502
HHIPL1	0.74935271	0.0039681
HINFP	0.56683363	0.03450828
HINT3	0.68722265	0.00973304
HIST1H1A	0.52141759	0.04999493
HIST1H2BC	0.65255653	0.01476177
HIST1H2BK	0.53383001	0.0453824
HIST1H3A	0.78616361	0.00205686
HIST4H4	0.60456245	0.0244044
HIVEP2	0.73583091	0.00492014
HLA-DRA	0.65747795	0.01395602
HMBS	0.74647517	0.00415832
HMGB3	0.64794168	0.01554654
HMGCS1	0.65379915	0.01455531
HMGN1	0.7045246	0.00774728
HMGN2	0.59883354	0.02578749
HMGN3	0.65621148	0.01416033
HN1	0.54184177	0.04255945
HPCAL1	0.75733	0.00347399
HPCAL4	0.7993103	0.00157781
HPSE	0.82991578	0.00078544
HR	0.82659503	0.00085251
HRASLS	0.74639131	0.00416396
HRASLS5	0.78946111	0.00192779
HRC	0.67415515	0.01145599
HRH1	0.83692525	0.00065692
HRSP12	0.62245661	0.02041396
HS2ST1	0.75408473	0.00366921
HS3ST1	0.81111083	0.0012233
HS3ST5	0.52331881	0.04926938
HS6ST2	0.75800079	0.00343461
HSBP1	0.67561596	0.01125338
HSD11B1	0.67251888	0.01168599
HSD11B1L	0.83326752	0.00072184
HSDL1	0.74325327	0.00437912
HSPA4L	0.86940441	0.00025399
HSPB3	0.66904016	0.01218585
HSPB6	0.65249738	0.01477165
HSPB8	0.89907758	0.0000832
HTR1A	0.76985241	0.00279137
HTR1B	0.81687984	0.00107341
HTR1D	0.61133342	0.0228365
HTR1E	0.92040727	0.0000295
HTR1F	0.61458976	0.0221078
HTR2A	0.655888	0.01421285
HTR2C	0.60246841	0.02490388
HTR3B	0.70052646	0.00817758
HTR7	0.9072023	0.0000578
HUNK	0.7931583	0.0017903
IBSP	0.58063238	0.0305361
ICA1	0.7783156	0.00238967
ICAM5	0.89269867	0.00010865
IDE	0.80751472	0.00132429
IDH2	0.56249907	0.03582439
IDH3A	0.55853576	0.0370569
IDH3G	0.64993925	0.01520334
IDNK	0.52317928	0.04932239
IDS	0.83843964	0.00063137
IER5L	0.61896424	0.02115439
IFFO1	0.81069267	0.00123474
IFI27	0.56703248	0.03444869
IFNAR2	0.58285373	0.02992707
IFT57	0.67754539	0.01098969
IGDCC3	0.56490388	0.03509013
IGFBP1	0.56998319	0.03357264
IGFBP2	0.83369324	0.00071405
IGFBP5	0.65068715	0.01507622
IGFL4	0.89813476	0.0000867
IGSF21	0.556256	0.03777856
IL12RB2	0.8701125	0.00024811
IL13RA2	0.72104102	0.00614073
IL15RA	0.65285615	0.0147118
IL17D	0.59564172	0.0265809
IL17RA	0.75418665	0.00366296
IL17RD	0.92523681	0.0000224
IL1B	0.74557199	0.00421938
IL34	0.55894629	0.03692794
IL6R	0.89235902	0.00011015
IL7R	0.60614809	0.02403078
INA	0.74372758	0.00434609
INADL	0.8707173	0.00024318
INPP4B	0.81740771	0.00106042
INPP5A	0.67039431	0.01198951
INPP5E	0.53456443	0.04511863
INPP5J	0.70978239	0.00720651
INSIG2	0.59093265	0.0277817
INSM1	0.6718496	0.01178101
INSM2	0.75635958	0.00353155
INTS4L1	0.84660283	0.00050623
INTS8	0.57166271	0.03308077
INTS9	0.66940546	0.01213266
INTU	0.75742572	0.00346835
IPO5	0.76011834	0.00331243
IQCA1	0.76049331	0.00329113
IQCK	0.81088628	0.00122943
IQGAP2	0.55929241	0.03681944
IQSEC1	0.59497645	0.02674835
IRS1	0.79832391	0.00161055
ISCU	0.69388563	0.00892979
ISLR	0.76621308	0.00297854
ITFG2	0.65560013	0.01425971
ITGA11	0.88865093	0.00012757
ITGA7	0.52921954	0.0470615
ITGA8	0.72216307	0.00604117
ITGB1	0.66575889	0.01267103
ITGB1BP1	0.52192557	0.04980039
ITGB3BP	0.81966611	0.00100614
ITM2A	0.88895005	0.00012609
ITPKC	0.54786742	0.04051472
ITPR1	0.85107696	0.00044611
JAKMIP1	0.53460685	0.04510342
JAM2	0.53866691	0.04366379
JAZF1	0.52144581	0.04998411
JDP2	0.68521704	0.00998459
JPH4	0.71492078	0.00670481
JUN	0.77518838	0.00253277
KAL1	0.83559541	0.00067999
KALRN	0.56939567	0.03374586
KANK1	0.70222207	0.00799305
KATNAL1	0.64437991	0.01617191
KBTBD3	0.6364968	0.01761831
KBTBD6	0.59067324	0.02784891
KCNA1	0.94365593	0.00000645
KCNA2	0.80907725	0.00127968
KCNA4	0.72732183	0.00559838
KCNAB2	0.70079065	0.00814863
KCNAB3	0.97109769	3.33e-7
KCNB1	0.52422035	0.04892774
KCNB2	0.71101634	0.00708364
KCNC1	0.81363978	0.00115579
KCNC2	0.70822359	0.0073639
KCNC3	0.92094252	0.0000287
KCND3	0.52650952	0.04806727
KCNE1L	0.60487121	0.02433133
KCNG1	0.86518278	0.00029122
KCNG3	0.96435332	8.48e-7
KCNH1	0.82059527	0.00098443
KCNH4	0.66772271	0.01237904
KCNH5	0.6779143	0.01093978
KCNH7	0.72942521	0.00542478
KCNH8	0.57485801	0.03215845
KCNIP2	0.7312526	0.00527716
KCNIP4	0.79434077	0.0017479
KCNJ11	0.71873704	0.00634888
KCNJ3	0.61371348	0.0223023
KCNJ9	0.53334865	0.04555583
KCNK1	0.64324186	0.01637539
KCNK12	0.87285118	0.00022636
KCNK13	0.68475877	0.01004271
KCNK15	0.52864576	0.04727329
KCNMB2	0.76098857	0.00326315
KCNMB4	0.79264494	0.00180894
KCNN2	0.77529537	0.00252777
KCNN3	0.65316554	0.01466033
KCNQ5	0.85992864	0.00034316
KCNS1	0.84349572	0.00055142
KCNS2	0.81469994	0.00112834
KCNS3	0.52606713	0.04823278
KCNT2	0.55736256	0.03742712
KCTD15	0.71458328	0.00673697
KCTD4	0.90400411	0.0000669
KCTD8	0.62468323	0.01995138
KCTD9	0.92658514	0.0000207
KDM2B	0.56925102	0.0337886
KIAA0100	0.60979941	0.02318546
KIAA0182	0.8560199	0.00038612
KIAA0284	0.63718628	0.01748833
KIAA0319	0.77810586	0.00239908
KIAA0430	0.61311158	0.02243657
KIAA0913	0.52727291	0.04778254
KIAA1199	0.65710949	0.01401525
KIAA1244	0.59208235	0.02748518
KIAA1456	0.84620194	0.0005119
KIAA1841	0.792728	0.00180592
KIF17	0.56242768	0.03584635
KIF21B	0.57633517	0.03173801
KIF27	0.74316832	0.00438505
KIF5A	0.78695927	0.00202515
KIRREL3	0.87308622	0.00022456
KITLG	0.76175446	0.00322023
KL	0.69309679	0.00902232
KLC2	0.82267867	0.000937
KLC4	0.66318492	0.01306108
KLF12	0.75242822	0.0037719
KLF8	0.5595352	0.03674346
KLF9	0.95472864	0.00000245
KLHDC8B	0.62315817	0.02026741
KLHL1	0.64506315	0.0160506
KLHL12	0.71935919	0.00629218
KLHL13	0.77236857	0.00266712
KLHL14	0.55615994	0.03780918
KLHL2	0.57010884	0.03353567
KLHL28	0.5565468	0.03768599
KLHL35	0.65428204	0.01447564
KLHL8	0.52600953	0.04825436
KLK5	0.57151616	0.03312349
KLK7	0.83001229	0.00078356
KMO	0.63002833	0.01887074
KNG1	0.8587059	0.00035619
KREMEN1	0.71949736	0.00627964
KRR1	0.53734049	0.04413073
KRT222	0.56600942	0.03475599
L3MBTL4	0.81668758	0.00107817
LACTB	0.76848129	0.00286084
LAG3	0.52532889	0.04850981
LAMA2	0.79475943	0.00173307
LAMA3	0.52328478	0.0492823
LAMA4	0.76921474	0.00282352
LAMB1	0.90621206	0.0000605
LANCL2	0.57744245	0.0314253
LANCL3	0.65099533	0.01502406
LAPTM4B	0.86282616	0.00031373
LARGE	0.80163915	0.00150248
LCA5	0.5383543	0.04377354
LCP1	0.78319253	0.00217854
LCP2	0.89128349	0.000115
LDHD	0.77884917	0.00236587
LDLR	0.70880384	0.00730503
LDOC1L	0.64975339	0.01523504
LEF1	0.73419108	0.00504593
LGALS1	0.52790369	0.04754811
LGALS3	0.61583886	0.0218326
LGI2	0.68646244	0.00982785
LGI3	0.72055016	0.00618466
LGI4	0.5936058	0.02709561
LGR6	0.81531912	0.00111253
LHX2	0.66490406	0.01279965
LIAS	0.87419785	0.0002162
LIMK1	0.67496389	0.0113435
LIMK2	0.79264159	0.00180906
LIN7A	0.89037266	0.00011924
LIN9	0.62004737	0.02092279
LINGO1	0.81219338	0.00119405
LIPG	0.66171101	0.01328821
LIPH	0.78730288	0.00201157
LIX1	0.85930204	0.0003498
LMO1	0.74415688	0.00431635
LMO3	0.81606861	0.00109361
LMO4	0.78923165	0.00193657
LMOD3	0.65367333	0.01457612
LNX2	0.7042302	0.0077784
LOC100133299	0.66014112	0.01353319
LOC158696	0.8557445	0.0003893
LOC339524	0.69418098	0.00889533
LOXL3	0.55298375	0.03883073
LPCAT4	0.64190438	0.01661681
LPHN2	0.78296169	0.00218821
LPHN3	0.82174323	0.00095808
LPP	0.65299922	0.01468798
LRAT	0.71093121	0.00709207
LRCH1	0.88390272	0.00015286
LRCH2	0.76669287	0.00295335
LRFN4	0.57940872	0.03087515
LRP12	0.6997124	0.00826725
LRP1B	0.74114506	0.00452814
LRP2BP	0.61486269	0.02204747
LRPPRC	0.81827709	0.00103927
LRRC2	0.75273967	0.00375243
LRRC28	0.62562259	0.01975843
LRRC3B	0.77331274	0.00262156
LRRC48	0.57015501	0.03352209
LRRC49	0.84491397	0.00053043
LRRC55	0.78101144	0.00227118
LRRC57	0.66384041	0.01296096
LRRC7	0.81043029	0.00124195
LRRC8B	0.76602498	0.00298846
LRRC8C	0.81573901	0.0011019
LRRK1	0.575934	0.03185183
LRRN1	0.72182109	0.00607139
LRRN2	0.77955959	0.00233444
LRRTM4	0.74467765	0.00428048
LSAMP	0.69444791	0.00886426
LTBP4	0.83870562	0.00062696
LUC7L	0.80906418	0.00128004
LURAP1L	0.75380717	0.00368627
LUZP1	0.88241161	0.00016153
LUZP2	0.68507863	0.01000212
LXN	0.6680447	0.01233162
LY6G5B	0.66494379	0.01279365
LY6H	0.76904719	0.00283202
LY86-AS1	0.82439332	0.00089928
LY96	0.53655849	0.04440755
LYN	0.81762166	0.00105518
LYPD1	0.64101528	0.01677866
LYPD5	0.95496515	0.00000239
LYPD6	0.64322826	0.01637783
LYPLA1	0.59930345	0.02567207
LYPLAL1	0.76450902	0.00306928
LYRM1	0.57294906	0.03270735
LYRM4	0.67452204	0.01140486
LYSMD4	0.86951658	0.00025305
LYST	0.52744572	0.04771824
MACROD1	0.56021005	0.03653282
MAD2L1	0.70146407	0.00807517
MAFB	0.72283368	0.00598222
MAGED1	0.80891656	0.00128421
MAGI3	0.94240539	0.00000711
MAMDC2	0.7984071	0.00160777
MAMDC4	0.65896943	0.01371809
MAML3	0.58220776	0.03010331
MAN1A1	0.84882044	0.00047572
MAN1C1	0.68624239	0.00985541
MAOA	0.66081703	0.01342733
MAOB	0.88840658	0.00012879
MAP1A	0.7644978	0.00306989
MAP1B	0.80874328	0.00128912
MAP1LC3B	0.56360411	0.03548572
MAP2	0.5619557	0.03599172
MAP2K3	0.52280502	0.04946476
MAP3K10	0.63001276	0.01887383
MAP3K13	0.81887237	0.00102498
MAP3K3	0.7407073	0.00455954
MAP3K9	0.83488427	0.00069258
MAP4K2	0.59721502	0.02618776
MAP6D1	0.59172395	0.02757739
MAP9	0.53388634	0.04536213
MAPK1	0.85105984	0.00044633
MAPK11	0.61002409	0.02313412
MAPK1IP1L	0.78216875	0.00222167
MAPK3	0.8749892	0.0002104
MAPK4	0.7768809	0.00245456
MAPKAP1	0.54235236	0.04238359
MAR1	0.77259958	0.00265592
MARCKS	0.62946617	0.01898243
MAS1	0.81604427	0.00109422
MASP2	0.79670737	0.00166529
MAST4	0.66185455	0.01326597
MATN2	0.61909623	0.02112607
MBD2	0.70604684	0.00758782
MBD3	0.53576331	0.04469022
MBNL2	0.75252228	0.00376601
MBOAT1	0.79188381	0.00183685
MBOAT2	0.64181959	0.01663219
MBP	0.6720736	0.01174915
MCF2	0.91544422	0.0000385
MCF2L	0.78059171	0.00228934
MCFD2	0.7663057	0.00297367
MCHR1	0.82219107	0.00094795
MCHR2	0.66806219	0.01232905
MCM3AP-AS1	0.56318369	0.03561432
MCOLN1	0.71279554	0.00690915
MCTP2	0.65690788	0.01404773
MDC1	0.71465728	0.00672991
MDFIC	0.61710416	0.02155624
MDGA1	0.85280835	0.00042435
MDK	0.52778954	0.04759048
ME1	0.66555311	0.01270191
ME2	0.806643	0.00134968
MEA1	0.67343556	0.01155674
MED11	0.75929621	0.00335948
MED16	0.63912764	0.01712595
MEIS1	0.56589299	0.03479108
MEIS2	0.55747423	0.03739177
MEPE	0.62541706	0.01980054
MERTK	0.6941313	0.00890112
MESDC2	0.56063136	0.03640173
MET	0.96605559	6.82e-7
METTL7B	0.76236081	0.00318655
METTL8	0.54550139	0.04130964
MFGE8	0.65513413	0.01433579
MFI2	0.68645877	0.00982831
MFN2	0.72704924	0.00562117
MFSD6	0.54520291	0.04141065
MGAT4C	0.73766576	0.00478211
MGAT5	0.59676116	0.02630076
MGC45800	0.54195313	0.04252105
MGP	0.82014139	0.00099499
MGST1	0.68928459	0.00947917
MGST2	0.81958377	0.00100808
MICAL2	0.54698724	0.04080924
MID2	0.7802797	0.00230291
MINA	0.78966088	0.00192016
MIR31HG	0.8102731	0.00124629
MITF	0.78549367	0.00208385
MKL2	0.84620349	0.00051187
MKNK2	0.81870056	0.00102909
MKRN2	0.75014868	0.00391662
MKX	0.77960425	0.00233248
MLEC	0.6945741	0.00884959
MMD	0.87441267	0.00021462
MMD2	0.6234049	0.02021605
MMP15	0.60195712	0.0250269
MNDA	0.62046713	0.02083351
MOB2	0.68346069	0.01020866
MOSPD1	0.67934937	0.01074715
MOXD1	0.83875684	0.00062611
MPP6	0.73997743	0.00461225
MPP7	0.83378833	0.00071232
MPZL3	0.58076199	0.03050033
MR1	0.63384967	0.01812361
MRAS	0.71705837	0.00650372
MREG	0.63087282	0.01870382
MRPL12	0.57890987	0.0310141
MRPL15	0.58416541	0.02957135
MRPL39	0.5434537	0.04200591
MRPL48	0.76817287	0.00287664
MRPS30	0.69874054	0.00837522
MRPS5	0.62019621	0.0208911
MRPS9	0.58780279	0.02859996
MRRF	0.6660363	0.01262949
MRS2	0.89215688	0.00011105
MSC	0.5390325	0.04353567
MSN	0.70564895	0.00762927
MSRB3	0.83108419	0.00076282
MT1G	0.85341607	0.00041691
MT1L	0.78507414	0.00210088
MT1M	0.57011335	0.03353434
MTA3	0.86282945	0.00031369
MTAP	0.60992756	0.02315617
MTBP	0.53424319	0.04523388
MTCH1	0.54817082	0.04041353
MTHFD1L	0.53813267	0.04385146
MTMR1	0.71692767	0.00651589
MTUS2	0.59458831	0.02684638
MUM1L1	0.9397182	0.0000087
MX1	0.8579524	0.00036441
MYB	0.63394671	0.01810491
MYBPC1	0.87629693	0.00020107
MYC	0.63096756	0.01868515
MYCT1	0.55607296	0.03783691
MYLIP	0.60658687	0.0239281
MYLK	0.57892173	0.0310108
MYLK3	0.79701643	0.00165472
MYO10	0.56294049	0.03568885
MYO19	0.57637889	0.03172563
MYO1B	0.83699304	0.00065576
MYO1F	0.73285167	0.0051504
MYO5C	0.64203127	0.01659379
MYO7A	0.66577917	0.01266799
MYOM2	0.52655096	0.04805178
MYRIP	0.65317511	0.01465874
MYT1L	0.64452247	0.01614654
N4BP1	0.5846669	0.02943611
N4BP2	0.70936499	0.00724841
N4BP2L1	0.65824415	0.01383343
NAALAD2	0.68358725	0.0101924
NACC1	0.52946476	0.04697119
NAGPA	0.69684935	0.00858822
NANOS1	0.82128056	0.00096863
NAPEPLD	0.6686163	0.01224777
NARS	0.56871152	0.03394833
NAT8L	0.87853174	0.00018585
NAV1	0.54591134	0.04117117
NAV3	0.95032931	0.0000037
NCALD	0.79016088	0.00190118
NCAM2	0.55697866	0.0375488
NCAN	0.76685208	0.00294503
NCDN	0.53609455	0.04457233
NCK2	0.5316174	0.04618321
NCKIPSD	0.60495151	0.02431236
NCOA3	0.85401894	0.00040962
NDP	0.75361608	0.00369805
NDST3	0.86587328	0.00028487
NDST4	0.82807927	0.00082203
NDUFA7	0.73616559	0.00489475
NDUFB9	0.55030021	0.03970805
NDUFC1	0.52590322	0.0482942
NEB	0.7939596	0.00176149
NECAB2	0.88288597	0.00015873
NECAB3	0.79772094	0.00163081
NECAP2	0.54214779	0.04245399
NEDD4L	0.81536595	0.00111134
NEDD9	0.82576701	0.00086988
NEFH	0.9196236	0.0000308
NEFL	0.75615785	0.0035436
NEFM	0.87204466	0.00023261
NEGR1	0.65724254	0.01399384
NEIL1	0.59491499	0.02676386
NELL1	0.7316999	0.00524148
NELL2	0.55652968	0.03769144
NENF	0.64037552	0.01689581
NETO1	0.83758944	0.00064562
NETO2	0.90257656	0.0000714
NEURL	0.6333074	0.01822835
NEUROD1	0.56886609	0.03390251
NEUROD6	0.98070286	5.48e-8
NFATC2IP	0.67188591	0.01177584
NFIB	0.71722779	0.00648797
NFIC	0.80467886	0.00140821
NFIL3	0.54177896	0.04258111
NFKBIZ	0.61388124	0.02226497
NGB	0.63028596	0.01881971
NGEF	0.63824559	0.01728994
NHLRC2	0.61216988	0.02264777
NID1	0.62226024	0.02045511
NIPAL2	0.88514249	0.00014592
NKAIN2	0.89648798	0.0000929
NKAIN3	0.59173463	0.02757464
NKAIN4	0.81623424	0.00108947
NKD2	0.61959109	0.02102014
NLGN3	0.773903	0.00259338
NLK	0.79403044	0.00175896
NMNAT1	0.57863441	0.03109101
NMNAT3	0.57843403	0.03114704
NMT2	0.55220531	0.03908388
NNMT	0.58453387	0.02947194
NOL4	0.73213907	0.00520661
NOP2	0.54613662	0.04109521
NOS2	0.78864201	0.00195927
NOV	0.90672748	0.0000591
NOVA1	0.53327602	0.04558204
NOX4	0.73195031	0.00522158
NPAS1	0.7814808	0.002251
NPAS2	0.71545785	0.00665387
NPC2	0.6520719	0.01484284
NPHP1	0.6505048	0.01510714
NPR2	0.55459124	0.03831144
NPR3	0.53806584	0.04387498
NPTX1	0.81276525	0.00117881
NPTX2	0.62756884	0.01936279
NPTXR	0.87248676	0.00022916
NPY1R	0.96065816	0.00000131
NPY5R	0.84851947	0.00047977
NR1D1	0.79139608	0.00185489
NR1H2	0.78057696	0.00228998
NR2C1	0.66486343	0.01280578
NR2E1	0.80736393	0.00132866
NR2F1	0.67305977	0.0116096
NR2F2	0.7120976	0.00697723
NR3C1	0.81533599	0.0011121
NR3C2	0.63534742	0.01783648
NR4A3	0.74930111	0.00397145
NRBF2	0.59096838	0.02777246
NRG1	0.6594206	0.01364668
NRIP2	0.7228754	0.00597857
NRN1	0.70188966	0.00802899
NRP1	0.95127575	0.00000339
NRP2	0.55706789	0.03752049
NRSN1	0.67841081	0.01087285
NRXN2	0.57303632	0.03268212
NSMAF	0.63173755	0.01853396
NT5DC1	0.55305824	0.03880656
NT5DC2	0.6550389	0.01435137
NT5DC3	0.91618663	0.000037
NTHL1	0.54957235	0.03994827
NTNG1	0.7394483	0.00465073
NTSR1	0.74127276	0.00451901
NTSR2	0.8087344	0.00128937
NUAK1	0.59994323	0.02551549
NUDT10	0.6041651	0.02449864
NUDT11	0.765641	0.00300878
NUDT14	0.81769669	0.00105335
NUDT9P1	0.54250396	0.04233147
NUMBL	0.64474081	0.01610775
NUP54	0.70972742	0.00721202
NUPR1	0.60874135	0.02342827
NUTF2	0.56900766	0.03386059
NXF5	0.64056276	0.01686146
NXN	0.72540762	0.00575984
NXPE3	0.66217953	0.01321571
NXPH3	0.9181938	0.0000333
OAF	0.54665766	0.04091988
OBFC1	0.79702477	0.00165444
OBSCN	0.66754645	0.01240505
OCA2	0.88910233	0.00012535
ODF2	0.73942317	0.00465257
ODZ1	0.7339451	0.005065
OGDHL	0.58921303	0.02822927
OGFOD2	0.74977047	0.00394102
OLFM3	0.65335184	0.01462939
OLFML2A	0.66870695	0.01223451
OLR1	0.6755984	0.0112558
ONECUT2	0.75931376	0.00335847
OPA1	0.77584537	0.00250219
OPHN1	0.81525916	0.00111405
OPN3	0.72048886	0.00619016
OPRD1	0.64313874	0.01639391
OPRK1	0.83430073	0.00070304
OPRL1	0.74993786	0.00393021
OPRM1	0.67535974	0.01128873
OR1F1	0.64814589	0.0155112
OSBP2	0.85458101	0.00040292
OSBPL3	0.68210884	0.01038355
OSBPL5	0.55827033	0.03714045
OSBPL6	0.87679328	0.00019761
OSBPL8	0.7615071	0.00323405
OSGEP	0.92266162	0.000026
OSR1	0.7884655	0.00196611
OTOS	0.56624732	0.03468436
OTUB2	0.75453012	0.00364196
OVOL2	0.58483887	0.02938983
OXCT1	0.60340648	0.02467927
OXGR1	0.88234011	0.00016196
OXNAD1	0.53796119	0.04391181
OXR1	0.86757366	0.00026966
OXTR	0.70528498	0.00766733
P2RX5	0.78845731	0.00196642
P2RY12	0.647856	0.01556138
PAAF1	0.62553152	0.01977708
PACRG	0.66754498	0.01240527
PACS1	0.54347195	0.04199966
PACSIN2	0.56375185	0.0354406
PAK6	0.55836203	0.03711157
PALM	0.59583173	0.02653321
PALMD	0.89107817	0.00011595
PAM	0.71270956	0.00691751
PAMR1	0.72156891	0.00609374
PAN2	0.52861082	0.0472862
PANK1	0.67425976	0.01144139
PANX1	0.66528235	0.01274262
PANX2	0.82538836	0.00087791
PAPOLB	0.81340774	0.00116187
PAQR9	0.82212091	0.00094953
PARD6A	0.56936025	0.03375632
PARK2	0.59481821	0.02678828
PARVA	0.82177382	0.00095739
PAWR	0.78187595	0.00223412
PAX6	0.74094096	0.00454276
PAXIP1	0.52317187	0.0493252
PBX3	0.76775886	0.00289795
PBXIP1	0.54462798	0.04160568
PC	0.7196569	0.00626518
PCBD1	0.66109698	0.01338365
PCDH1	0.71935261	0.00629278
PCDH10	0.71083624	0.00710148
PCDH11X	0.64773233	0.01558282
PCDH15	0.75562576	0.00357554
PCDH17	0.954356	0.00000254
PCDH20	0.91853666	0.0000327
PCDH7	0.84452379	0.00053615
PCDH8	0.74413253	0.00431803
PCDHB10	0.56608855	0.03473215
PCDHB14	0.61211823	0.02265939
PCDHB15	0.67521922	0.01130815
PCDHB2	0.64592933	0.01589773
PCDHB4	0.63798919	0.01733781
PCLO	0.56583673	0.03480804
PCNT	0.54126851	0.04275747
PCOLCE2	0.53276605	0.04576633
PCP4	0.74818537	0.00404448
PCSK1	0.71508458	0.00668925
PCSK5	0.83174758	0.00075019
PCTP	0.59556666	0.02659976
PDCD7	0.5942585	0.02692986
PDCL3	0.61329097	0.02239649
PDE1A	0.87039139	0.00024583
PDE2A	0.62456153	0.01997647
PDE3A	0.85771369	0.00036704
PDE7B	0.8427625	0.00056252
PDGFB	0.59109887	0.0277387
PDGFC	0.78770415	0.00199579
PDGFD	0.87449078	0.00021404
PDGFRA	0.62232342	0.02044186
PDIK1L	0.59753644	0.02610793
PDK2	0.6717065	0.0118014
PDK3	0.85577128	0.00038899
PDLIM3	0.6470609	0.01569957
PDLIM5	0.78684757	0.00202958
PDP1	0.78533274	0.00209037
PDP2	0.71108411	0.00707694
PDS5B	0.57085409	0.03331697
PDYN	0.83164086	0.00075221
PDZD2	0.74164138	0.00449273
PDZD7	0.69962074	0.00827739
PDZRN4	0.74710475	0.00411615
PEA15	0.94876627	0.00000424
PEBP4	0.59264344	0.02734126
PEG10	0.70457578	0.00774188
PELI3	0.68607123	0.00987689
PENK	0.91944244	0.0000311
PEPD	0.6935522	0.00896882
PER1	0.63626997	0.01766122
PEX1	0.64657029	0.01578528
PEX5L	0.59391908	0.02701597
PFKL	0.7739943	0.00258904
PFKP	0.58112239	0.03040103
PFN1	0.65041747	0.01512197
PGAP1	0.82306475	0.00092841
PGM2L1	0.82358191	0.00091699
PGRMC1	0.81816008	0.0010421
PHACTR2	0.56006979	0.03657654
PHC2	0.68970398	0.00942812
PHF17	0.9247664	0.0000231
PHLDA3	0.88689352	0.00013653
PHOSPHO1	0.75574059	0.00356863
PHYH	0.77601195	0.00249449
PICK1	0.7380152	0.00475614
PID1	0.79498439	0.00172514
PIGC	0.59253772	0.02736834
PIGF	0.55649352	0.03770294
PIK3AP1	0.69560855	0.00873007
PIK3CB	0.77879685	0.00236819
PIK3CG	0.66118751	0.01336955
PIK3R3	0.92314518	0.0000253
PIM1	0.83658823	0.00066271
PIP5K1B	0.8162619	0.00108877
PITPNB	0.73334825	0.00511148
PITPNM2	0.65917856	0.01368496
PIWIL4	0.62202759	0.02050393
PKD1	0.84934983	0.00046864
PKD2L1	0.78343066	0.00216859
PKIA	0.72912871	0.00544902
PKNOX1	0.64333606	0.01635848
PKNOX2	0.53426601	0.04522569
PLA2G4A	0.66391104	0.0129502
PLA2G7	0.69587069	0.00869996
PLA2R1	0.77757489	0.00242301
PLAC2	0.63161589	0.01855779
PLAGL1	0.93464487	0.0000124
PLAUR	0.87539168	0.00020749
PLBD1	0.77746043	0.0024282
PLCB1	0.76653433	0.00296166
PLCB2	0.71953006	0.00627667
PLCB4	0.65854576	0.01378538
PLCD3	0.6158763	0.02182438
PLCD4	0.67412054	0.01146082
PLCH2	0.59837687	0.0259
PLD6	0.72913296	0.00544867
PLEKHA1	0.58505047	0.02933295
PLEKHH2	0.81543944	0.00110947
PLEKHM2	0.78707792	0.00202045
PLEKHO1	0.70883146	0.00730223
PLEKHO2	0.63791496	0.01735169
PLSCR4	0.67861786	0.01084503
PLTP	0.7185208	0.00636868
PLXDC1	0.8561789	0.0003843
PLXDC2	0.74973652	0.00394322
PLXNA1	0.88284592	0.00015897
PLXNA3	0.83859117	0.00062885
PLXNC1	0.94581596	0.00000543
PLXND1	0.56490787	0.03508892
PMEPA1	0.6347365	0.01795321
PNCK	0.8388585	0.00062443
PNKD	0.8705568	0.00024448
PNLDC1	0.68213457	0.0103802
PNMA3	0.54536572	0.04135553
PNMA5	0.69754536	0.00850939
PNMAL1	0.66662311	0.01254194
PNMT	0.78502667	0.00210281
PNPLA3	0.95926912	0.00000153
PNPLA4	0.83748375	0.00064741
PNPLA5	0.60716042	0.02379433
PODXL2	0.58359038	0.02972694
POLD3	0.63312534	0.01826361
POLE4	0.81863242	0.00103072
POLR3B	0.53178538	0.04612209
POLR3C	0.76741096	0.00291595
POMP	0.57795839	0.03128031
POMT1	0.76043479	0.00329445
PON2	0.68061961	0.01057867
POSTN	0.61369354	0.02230673
POU6F2	0.7442248	0.00431166
PPAP2B	0.59153657	0.02762568
PPAPDC1B	0.53804279	0.04388309
PPARA	0.63997786	0.01696891
PPARD	0.52431551	0.04889177
PPARGC1A	0.92592703	0.0000215
PPARGC1B	0.55991193	0.03662577
PPEF1	0.97266011	0.00000026
PPFIA2	0.65221569	0.01481875
PPL	0.83697979	0.00065599
PPM1D	0.53918368	0.04348276
PPM1M	0.62129822	0.02065753
PPP1R14C	0.52327279	0.04928686
PPP1R15B	0.72239925	0.00602036
PPP1R3E	0.61040881	0.02304639
PPP1R9B	0.75793898	0.00343822
PPP2R2A	0.84819257	0.00048421
PPP2R2B	0.62024614	0.02088048
PPP3CA	0.69542581	0.0087511
PPP4R4	0.88900864	0.00012581
PPTC7	0.70563425	0.0076308
PRDM2	0.57599158	0.03183547
PRIM1	0.78501392	0.00210333
PRKAB1	0.66962664	0.01210053
PRKAG2	0.81423937	0.0011402
PRKCA	0.56429957	0.03527368
PRKCD	0.90123087	0.0000758
PRKCDBP	0.64974426	0.0152366
PRKCG	0.96501485	0.00000078
PRKD1	0.63597383	0.01771735
PRMT10	0.62270061	0.02036291
PRMT2	0.62479916	0.0199275
PRMT8	0.5803931	0.0306022
PRNP	0.54809966	0.04043725
PROC	0.52995543	0.0467908
PRPS2	0.53794904	0.04391609
PRR16	0.88323575	0.00015669
PRRX1	0.95233898	0.00000308
PRSS12	0.5721647	0.0329347
PRSS16	0.55070824	0.03957381
PRUNE2	0.76793671	0.00288878
PSAT1	0.62701076	0.01947567
PSD3	0.83501562	0.00069024
PSMC3	0.59144137	0.02765023
PSMD12	0.64082866	0.01681278
PTCHD1	0.85583768	0.00038822
PTDSS1	0.54433404	0.04170562
PTER	0.66976827	0.01208
PTGER3	0.71413588	0.00677977
PTGER4	0.66766936	0.01238691
PTGIS	0.71419584	0.00677402
PTGS1	0.69128662	0.00923724
PTN	0.55835004	0.03711534
PTPN14	0.79001784	0.0019066
PTPN3	0.8183901	0.00103655
PTPN5	0.75176325	0.00381371
PTPRE	0.56923896	0.03379216
PTPRF	0.85427584	0.00040655
PTPRJ	0.60971865	0.02320393
PTPRK	0.53685331	0.04430305
PTPRO	0.83484074	0.00069336
PTPRR	0.86515214	0.00029151
PTPRZ1	0.59349906	0.02712278
PTTG1	0.62186002	0.02053915
PTTG1IP	0.66138317	0.01333911
PTTG2	0.60656524	0.02393315
PURB	0.667402	0.0124264
PUSL1	0.74007578	0.00460512
PVALB	0.91503892	0.0000393
PVRL3	0.54702049	0.04079808
PXN	0.55292802	0.03884881
PYCRL	0.53326373	0.04558648
PYGL	0.89272105	0.00010855
PYGO1	0.59497022	0.02674992
QPCT	0.56507916	0.03503701
QRFPR	0.66337536	0.01303194
R3HDM1	0.57504868	0.03210397
RAB27B	0.92415048	0.0000239
RAB31	0.7768814	0.00245454
RAB37	0.94271205	0.00000694
RAB3B	0.60014471	0.02546632
RAB3C	0.5716782	0.03307625
RAB3D	0.53082691	0.04647155
RAB3GAP2	0.54093166	0.04287411
RAB40B	0.57202285	0.03297593
RAB43	0.52612552	0.04821091
RAB7L1	0.62494272	0.01989795
RAD54B	0.85075613	0.00045023
RADIL	0.5318167	0.0461107
RAI1	0.62424369	0.02004211
RALA	0.75819862	0.00342306
RALB	0.62620345	0.01963977
RALBP1	0.62297201	0.02030623
RALGPS2	0.60252567	0.02489014
RALY	0.59790876	0.02601568
RANBP3L	0.67486121	0.01135774
RAP1GAP	0.67448334	0.01141024
RAP2B	0.63970434	0.01701932
RAPGEF4	0.89403601	0.00010289
RAPGEF6	0.65679398	0.0140661
RAPH1	0.76246791	0.00318062
RARB	0.74291012	0.00440313
RASA3	0.57787048	0.03130498
RASAL1	0.93179288	0.000015
RASD1	0.60983273	0.02317784
RASD2	0.86491396	0.00029373
RASGEF1C	0.79352114	0.00177721
RASGRF1	0.62496292	0.01989379
RASGRF2	0.86268438	0.00031512
RASGRP1	0.71109298	0.00707606
RASL10A	0.66014048	0.01353329
RASL11B	0.86746214	0.00027064
RASSF4	0.90461339	0.0000651
RASSF6	0.69655047	0.00862224
RAVER2	0.87724174	0.00019453
RBBP8	0.63039541	0.01879806
RBFA	0.52769555	0.04762538
RBM14	0.75156643	0.00382614
RBM24	0.60068617	0.02533449
RBMS1	0.79568953	0.00170046
RBP4	0.9208855	0.0000287
RCAN2	0.87782964	0.00019054
RCC1	0.55646391	0.03771236
RCC2	0.89450291	0.00010094
RCN1	0.71329881	0.00686036
RCN3	0.81196119	0.00120028
RDBP	0.61331877	0.02239029
RDH10	0.85626067	0.00038337
REEP2	0.63738995	0.01745006
RELL2	0.68485128	0.01003096
RELN	0.77020003	0.00277395
RELT	0.59319865	0.02719936
RET	0.90283479	0.0000706
RETSAT	0.59870137	0.02582002
RFC3	0.75971266	0.00333558
RFK	0.61274094	0.02251953
RFTN1	0.52382805	0.04907621
RFX3	0.86801141	0.00026585
RFX5	0.76541571	0.00302075
RFXAP	0.60375227	0.02459682
RGS14	0.69721854	0.00854634
RGS20	0.71805894	0.00641111
RGS4	0.57471869	0.0321983
RGS6	0.64334806	0.01635632
RGS7	0.76817349	0.00287661
RGS9	0.58463881	0.02944367
RHBDD2	0.53195357	0.04606094
RHBDL3	0.93877374	0.00000931
RHO	0.66044641	0.0134853
RHOJ	0.80636764	0.00135777
RHPN2	0.78961657	0.00192185
RIMBP2	0.62786234	0.01930361
RIMKLA	0.96758545	5.55e-7
RIMS3	0.85177626	0.00043722
RIT2	0.58051748	0.03056783
RMI1	0.55088267	0.03951652
RNASET2	0.60117222	0.02521656
RND1	0.57927616	0.03091203
RNF112	0.55139561	0.03934836
RNF128	0.54828255	0.04037631
RNF144A	0.80316627	0.00145455
RNF148	0.60179582	0.02506579
RNF212	0.67915745	0.01077277
RNF26	0.53402832	0.04531107
RNLS	0.56175431	0.03605387
ROBO1	0.87428485	0.00021556
RORA	0.93067968	0.0000161
RORB	0.89562181	0.0000964
RP9P	0.73913965	0.00467329
RPGR	0.6015614	0.0251224
RPH3A	0.71378185	0.00681377
RPH3AL	0.58015234	0.0306688
RPL27A	0.63676175	0.01756828
RPL39L	0.61402025	0.02223407
RPS15A	0.58363771	0.02971411
RPS20	0.56943016	0.03373567
RPS23	0.64719356	0.01567646
RPS6	0.66512068	0.01276697
RPS6KB2	0.65184445	0.014881
RPS6KC1	0.8361437	0.00067041
RRAGB	0.78277077	0.00219623
RRM2B	0.75618478	0.00354199
RRP12	0.7807925	0.00228064
RRP7A	0.66947109	0.01212312
RRS1	0.69675415	0.00859905
RS1	0.65768853	0.01392225
RSPH9	0.7102773	0.00715705
RSPO2	0.83700183	0.00065561
RSPO3	0.6641859	0.0129084
RSRC1	0.66112051	0.01337999
RSU1	0.82442769	0.00089853
RTBDN	0.71805122	0.00641182
RTKN2	0.68908183	0.00950392
RTN2	0.67069304	0.0119465
RTP1	0.53935389	0.04342324
RTTN	0.58306655	0.02986916
RUNDC3A	0.53259997	0.04582645
RUNX1T1	0.59759748	0.02609279
RWDD1	0.55217514	0.03909371
RXFP1	0.77739742	0.00243105
RXRG	0.70237771	0.00797626
RYBP	0.67696169	0.01106899
RYR1	0.56814789	0.03411574
RYR2	0.67375709	0.01151164
S100A10	0.66264555	0.01314388
S100A13	0.64943323	0.01528977
S100B	0.61617822	0.02175824
SAFB2	0.56783006	0.03421039
SAG	0.5450161	0.04147395
SAMD3	0.63597502	0.01771712
SAMD9	0.61200572	0.02268472
SAP30L	0.63273699	0.01833899
SBF2	0.65951206	0.01363224
SCAMP1	0.59632062	0.02641076
SCAND2	0.63831652	0.01727671
SCAPER	0.71099545	0.00708571
SCG2	0.65731868	0.0139816
SCLY	0.80425063	0.00142121
SCN1A	0.89702474	0.0000909
SCN1B	0.93836075	0.00000959
SCN2A	0.74593772	0.00419458
SCN2B	0.65630491	0.01414519
SCN3A	0.85930058	0.00034981
SCN3B	0.968141	5.14e-7
SCN4B	0.85220865	0.0004318
SCN5A	0.56527065	0.03497903
SCN8A	0.61267114	0.02253518
SCN9A	0.80111454	0.00151921
SCPEP1	0.62609662	0.01966156
SCRG1	0.71121493	0.00706401
SCRN2	0.58905111	0.02827167
SCUBE1	0.86504434	0.00029251
SDHA	0.88035138	0.00017412
SDK2	0.75373573	0.00369068
SDR16C5	0.68365753	0.01018337
SDSL	0.73781984	0.00477065
SEC14L2	0.64100055	0.01678135
SEC14L5	0.80720806	0.00133318
SEC24D	0.89376731	0.00010403
SEC31B	0.66014076	0.01353324
SEMA3D	0.55854915	0.03705269
SEMA4A	0.6756477	0.011249
SEMA4C	0.63716563	0.01749221
SEMA5A	0.57116055	0.03322732
SEMA5B	0.62871808	0.01913177
SEMA6D	0.86558514	0.00028751
SEMA7A	0.87813523	0.00018849
SENP7	0.62001482	0.02092973
SEPT3	0.62282944	0.02033599
SEPT5	0.59966211	0.02558421
SERGEF	0.63974023	0.0170127
SERPINA3	0.58543093	0.02923088
SERPINB9	0.78484761	0.00211012
SERPIND1	0.86395077	0.00030283
SERPINF1	0.79035002	0.00189404
SERTAD4	0.90944892	0.0000519
SESN2	0.59245296	0.02739006
SESN3	0.78018595	0.00230699
SETBP1	0.64680728	0.01574384
SETD7	0.85455856	0.00040318
SETDB1	0.78684492	0.00202968
SFT2D2	0.6700153	0.01204423
SGK494	0.57416903	0.03235584
SGSM2	0.57081514	0.03332838
SH3BGRL2	0.7199356	0.00623997
SH3BGRL3	0.77730645	0.00243518
SH3GL3	0.57775174	0.03133833
SH3GLB1	0.61227994	0.02262301
SH3GLB2	0.59570316	0.02656547
SH3RF1	0.75651578	0.00352224
SH3RF2	0.72295667	0.00597146
SHANK1	0.60589382	0.02409043
SHANK2	0.75391521	0.00367963
SHC3	0.7298118	0.00539331
SHD	0.64501976	0.01605829
SHROOM2	0.62239532	0.02042679
SHROOM3	0.68042741	0.01060404
SIAE	0.72533076	0.00576639
SIDT1	0.71322838	0.00686718
SIK2	0.6670461	0.0124791
SIN3B	0.78645262	0.0020453
SIPA1L2	0.61411805	0.02221235
SIRPA	0.61805556	0.02135005
SIRT7	0.57124773	0.03320184
SKAP2	0.71075816	0.00710922
SLA	0.91032374	0.0000497
SLC10A4	0.54821698	0.04039815
SLC12A5	0.67645224	0.01113854
SLC15A2	0.78746155	0.00200532
SLC16A14	0.67324016	0.01158421
SLC16A2	0.56215741	0.03592954
SLC16A6	0.89621068	0.000094
SLC16A9	0.62337683	0.02022189
SLC17A5	0.62144224	0.02062713
SLC17A6	0.9735524	2.24e-7
SLC17A7	0.67945442	0.01073314
SLC17A8	0.73072034	0.00531986
SLC19A2	0.84650869	0.00050755
SLC1A4	0.64411726	0.01621871
SLC20A1	0.67925157	0.0107602
SLC22A10	0.57998573	0.03071496
SLC22A18	0.69980306	0.00825723
SLC22A5	0.60422427	0.02448459
SLC22A9	0.79295691	0.0017976
SLC24A2	0.75765912	0.00345463
SLC24A4	0.71672682	0.00653462
SLC25A12	0.91481772	0.0000397
SLC25A13	0.62570465	0.01974164
SLC25A15	0.60244931	0.02490847
SLC25A17	0.77498809	0.00254214
SLC25A18	0.71610358	0.006593
SLC25A22	0.73508437	0.00497712
SLC25A23	0.90529618	0.0000631
SLC25A25	0.585911	0.02910242
SLC25A37	0.8454149	0.00052316
SLC25A40	0.75328409	0.00371859
SLC26A11	0.73295081	0.00514261
SLC26A4	0.62170695	0.02057136
SLC27A2	0.5794993	0.03084997
SLC29A4	0.64079711	0.01681855
SLC2A11	0.67790318	0.01094128
SLC2A12	0.75068832	0.003882
SLC30A10	0.77276396	0.00264797
SLC30A3	0.81015043	0.00124969
SLC35A4	0.72700698	0.00562471
SLC35B1	0.73876491	0.00470078
SLC35B4	0.73099109	0.00529811
SLC35F2	0.83029343	0.00077808
SLC36A1	0.62070931	0.02078212
SLC36A4	0.60430523	0.02446538
SLC38A1	0.84950989	0.00046652
SLC38A11	0.63170456	0.01854042
SLC38A2	0.71642385	0.00656295
SLC38A5	0.53434769	0.04519636
SLC39A12	0.80651244	0.00135351
SLC39A13	0.74501973	0.00425703
SLC39A14	0.87991597	0.00017688
SLC39A6	0.5224682	0.04959313
SLC39A7	0.93251239	0.0000143
SLC43A1	0.63051376	0.01877466
SLC43A2	0.77568482	0.00250964
SLC44A3	0.77891264	0.00236305
SLC44A5	0.86356319	0.00030655
SLC45A4	0.88418284	0.00015127
SLC47A1	0.82254015	0.0009401
SLC4A11	0.76564893	0.00300836
SLC4A3	0.64092295	0.01679553
SLC4A4	0.73457851	0.005016
SLC4A8	0.83240199	0.00073788
SLC5A6	0.74672806	0.00414134
SLC6A6	0.68551944	0.00994637
SLC6A7	0.73762142	0.00478541
SLC7A1	0.5797093	0.03079163
SLC7A11	0.81704467	0.00106934
SLC7A3	0.53837496	0.04376628
SLC7A4	0.55492439	0.0382044
SLC7A8	0.530197	0.04670216
SLC8A1	0.76491086	0.00304771
SLC9A3R1	0.65427256	0.0144772
SLC9A5	0.72254997	0.00600711
SLC9A7	0.71474044	0.00672198
SLCO1C1	0.66693769	0.01249519
SLCO4A1	0.85704962	0.00037443
SLFN5	0.61615606	0.02176309
SLIT1	0.96582604	7.02e-7
SLIT3	0.76698876	0.0029379
SLITRK3	0.78619408	0.00205564
SLN	0.86456138	0.00029704
SMAD3	0.7038684	0.00781676
SMARCA1	0.53901701	0.04354109
SMARCD3	0.7529785	0.00373756
SMC2	0.59597329	0.02649771
SMEK1	0.5658199	0.03481311
SMOC1	0.55225165	0.03906877
SMPD3	0.52425155	0.04891595
SMPX	0.65706276	0.01402277
SMYD2	0.64714131	0.01568556
SNAP25	0.71050802	0.00713407
SNCA	0.66411902	0.01291857
SNCAIP	0.56478869	0.03512506
SNCB	0.71887211	0.00633654
SNCG	0.78489833	0.00210805
SNTA1	0.5559815	0.03786609
SNTB1	0.91433128	0.0000407
SNTG1	0.55026248	0.03972048
SNX24	0.54545154	0.04132649
SNX3	0.67908049	0.01078305
SNX7	0.70675556	0.00751438
SOD2	0.59830496	0.02591775
SORBS3	0.6645515	0.01285296
SORCS1	0.63141471	0.01859725
SORL1	0.58548294	0.02921694
SORT1	0.60981418	0.02318208
SOX11	0.52242086	0.04961119
SOX4	0.64307651	0.0164051
SOX5	0.79505085	0.0017228
SP5	0.72976812	0.00539686
SPAG1	0.57844348	0.0311444
SPAG16	0.59633089	0.0264082
SPAG5	0.72409264	0.00587269
SPAG6	0.88590573	0.00014177
SPARCL1	0.56912034	0.03382724
SPATA4	0.54984064	0.03985961
SPEF2	0.63462588	0.01797441
SPG20	0.61962828	0.02101219
SPHK2	0.65755366	0.01394388
SPOCD1	0.62096239	0.02072852
SPOCK2	0.6543284	0.014468
SPON2	0.81114551	0.00122235
SPP1	0.7318834	0.00522689
SPRED1	0.58372877	0.02968944
SPSB1	0.58284011	0.02993078
SPSB3	0.80226144	0.00148281
SPTB	0.72274973	0.00598958
SPTSSB	0.93469717	0.0000124
SRC	0.61741628	0.02148844
SRGAP1	0.61991885	0.02095018
SRGAP3	0.56292455	0.03569374
SRL	0.74015418	0.00459944
SRM	0.55049804	0.03964293
SRPK1	0.62898628	0.01907814
SRPR	0.72214754	0.00604254
SSBP3	0.88138655	0.00016771
SST	0.5835882	0.02972753
SSTR1	0.92121487	0.0000282
SSTR2	0.59578147	0.02654582
ST3GAL1	0.68597878	0.00988851
ST3GAL5	0.71525847	0.00667275
ST3GAL6	0.71770756	0.00644352
ST5	0.65107722	0.01501022
ST6GALNAC5	0.90575447	0.0000618
ST8SIA1	0.89788023	0.0000876
STAB1	0.5586706	0.03701451
STAC	0.74540616	0.00423066
STAC2	0.89650131	0.0000929
STAG1	0.85994367	0.00034301
STAG3L4	0.87178491	0.00023465
STAMBPL1	0.72158533	0.00609229
STAR	0.55356417	0.03864269
STARD10	0.79328789	0.00178562
STARD4	0.68793334	0.00964499
STARD5	0.76543638	0.00301965
STAT4	0.78293652	0.00218926
STAU2	0.58006672	0.03069252
STEAP2	0.78931495	0.00193338
STIM1	0.5613755	0.03617097
STK11	0.6644366	0.01287036
STK17A	0.86029474	0.00033933
STK17B	0.73420594	0.00504478
STK24	0.52589476	0.04829737
STK32B	0.67273884	0.01165489
STK36	0.72997782	0.00537983
STK39	0.71039701	0.00714512
STON2	0.79650671	0.00167218
STRBP	0.78101316	0.00227111
STRN4	0.7681162	0.00287955
STS	0.90202149	0.0000732
STT3B	0.88599453	0.00014129
STX1A	0.74522232	0.00424319
STX1B	0.59941794	0.025644
STX6	0.53070493	0.04651615
STX7	0.76657434	0.00295956
STXBP1	0.62316207	0.0202666
STXBP3	0.55721982	0.03747233
STXBP5	0.64245587	0.01651696
STYK1	0.82954918	0.00079265
SUB1	0.64273138	0.01646724
SUDS3	0.58162824	0.03026203
SULF1	0.81461716	0.00113046
SULF2	0.83711924	0.00065361
SULT1A2	0.66515672	0.01276154
SULT1C4	0.7128336	0.00690545
SULT4A1	0.60446906	0.02442652
SUSD1	0.81625548	0.00108893
SV2A	0.61545113	0.02191777
SV2B	0.56132174	0.0361876
SYCP2	0.5261815	0.04818995
SYK	0.59766686	0.02607559
SYN2	0.97092588	3.42e-7
SYN3	0.89114823	0.00011562
SYNGR3	0.56007154	0.03657599
SYNPR	0.80871822	0.00128983
SYT10	0.90114005	0.0000761
SYT12	0.71995351	0.00623836
SYT13	0.54480678	0.04154496
SYT17	0.90447373	0.0000655
SYT2	0.9492206	0.00000407
SYT3	0.8053296	0.00138861
SYT4	0.64925786	0.0153198
SYT6	0.97757521	1.07e-7
SYTL2	0.72567257	0.00573729
SYTL5	0.5901135	0.0279943
TAF10	0.6628823	0.01310749
TAF13	0.6751711	0.01131481
TAF9B	0.55738576	0.03741977
TAGAP	0.57504112	0.03210613
TARBP2	0.72795334	0.00554585
TAS2R31	0.55055656	0.03962368
TAZ	0.91660023	0.0000362
TBC1D13	0.6116009	0.02277603
TBC1D26	0.6659808	0.0126378
TBC1D4	0.74765953	0.00407924
TBC1D8	0.71946334	0.00628273
TBC1D9B	0.69701302	0.00856964
TBCB	0.63842453	0.01725658
TBL1X	0.54021883	0.04312163
TBR1	0.7899427	0.00190945
TBRG1	0.67491124	0.0113508
TC2N	0.72677737	0.00564397
TCEA3	0.70863906	0.00732171
TCERG1L	0.72124383	0.00612265
TCF7L2	0.52369004	0.04912851
TCHP	0.82025963	0.00099223
TCTA	0.57768693	0.03135654
TCTEX1D1	0.86571059	0.00028636
TDG	0.60529465	0.02423138
TDO2	0.65155102	0.01493033
TDRD1	0.67870346	0.01083355
TDRD5	0.81098362	0.00122677
TDRKH	0.53961251	0.04333291
TESC	0.87066437	0.00024361
TFAM	0.54471265	0.04157692
TFAP2D	0.86590558	0.00028457
TFDP2	0.53402277	0.04531307
TFPT	0.77837027	0.00238723
TGFBI	0.53273094	0.04577903
TH	0.53059468	0.04655649
THAP10	0.87342779	0.00022197
THBS4	0.8559547	0.00038687
THNSL1	0.69867243	0.00838283
THOC5	0.57203451	0.03297254
THRA	0.87557241	0.0002062
THRB	0.92432723	0.0000237
THSD4	0.87838139	0.00018685
TIAM1	0.808459	0.00129719
TIAM2	0.68106033	0.01052066
TICAM1	0.58371454	0.0296933
TIMP2	0.76907878	0.00283041
TIMP4	0.85050735	0.00045345
TLE1	0.57054189	0.03340847
TLE2	0.87320526	0.00022365
TLK1	0.90996431	0.0000506
TLL1	0.84302464	0.00055853
TLN2	0.72884097	0.00547261
TLR4	0.62674097	0.0195304
TM4SF18	0.67641994	0.01114296
TM6SF1	0.78967608	0.00191958
TM7SF2	0.60325106	0.02471639
TMEFF1	0.78101618	0.00227098
TMEFF2	0.8621168	0.00032075
TMEM107	0.82330882	0.000923
TMEM108	0.77089758	0.00273925
TMEM109	0.55254571	0.03897305
TMEM117	0.67475759	0.01137212
TMEM125	0.63851425	0.01723987
TMEM130	0.52561543	0.04840216
TMEM132A	0.70952304	0.00723253
TMEM132E	0.65290122	0.01470429
TMEM133	0.77809589	0.00239953
TMEM14A	0.55631341	0.03776028
TMEM155	0.67172235	0.01179914
TMEM158	0.81821358	0.00104081
TMEM159	0.67119804	0.01187404
TMEM164	0.72565015	0.0057392
TMEM176A	0.67752985	0.01099179
TMEM176B	0.79741749	0.00164108
TMEM184C	0.58282425	0.0299351
TMEM196	0.94039291	0.00000827
TMEM200A	0.68707353	0.00975158
TMEM38A	0.78519645	0.0020959
TMEM47	0.71710699	0.0064992
TMEM53	0.54972501	0.0398978
TMEM54	0.66472065	0.01282736
TMEM67	0.72998429	0.00537931
TMSB10	0.79795129	0.00162305
TMTC1	0.82772803	0.00082916
TNFAIP8L3	0.74877916	0.0040055
TNFRSF11A	0.90459414	0.0000652
TNFRSF21	0.63145288	0.01858976
TNFRSF25	0.52587544	0.04830461
TNFSF13B	0.63458522	0.0179822
TNIP1	0.70668641	0.00752153
TNNT2	0.82048933	0.00098688
TNS3	0.81444888	0.00113479
TOMM34	0.743059	0.0043927
TOP3B	0.59059834	0.02786833
TP53BP1	0.56288984	0.03570438
TP53BP2	0.68796907	0.00964058
TP53I11	0.70941793	0.00724309
TPBG	0.71639788	0.00656539
TPCN1	0.53104253	0.04639278
TPM1	0.80274689	0.0014676
TPP2	0.67760109	0.01098214
TPST2	0.54386036	0.04186701
TRAF3	0.81469643	0.00112843
TRAF3IP1	0.73220349	0.00520151
TRAF5	0.6090104	0.02336636
TRAF7	0.6908787	0.00928617
TRAIP	0.74567991	0.00421205
TRAPPC1	0.54190603	0.04253729
TRAPPC2L	0.58915747	0.02824381
TRDN	0.75900905	0.00337603
TRERF1	0.67296054	0.01162359
TRIAP1	0.56273272	0.03575261
TRIM13	0.63426348	0.01804396
TRIM22	0.84349352	0.00055146
TRIM24	0.78657571	0.00204039
TRIM27	0.6040477	0.02452654
TRIM29	0.79829172	0.00161163
TRIM36	0.89129895	0.00011493
TRIM37	0.79662326	0.00166818
TRIM67	0.63811029	0.01731519
TRIM68	0.55205208	0.03913384
TRIP6	0.58883746	0.02832767
TRMT11	0.5439933	0.04182168
TRMT2B	0.8405426	0.00059713
TRMT61B	0.57236299	0.03287713
TRMU	0.58476464	0.0294098
TRPC3	0.95783071	0.00000179
TRPC5	0.80201624	0.00149053
TRPM3	0.70709334	0.00747957
TRPS1	0.70441766	0.00775858
TRPT1	0.60717989	0.0237898
TSC22D1	0.71781395	0.0064337
TSC22D2	0.79127611	0.00185935
TSEN34	0.56056195	0.03642331
TSHZ1	0.76364838	0.00311588
TSHZ3	0.95904629	0.00000157
TSKU	0.79681147	0.00166172
TSPAN1	0.77690528	0.00245345
TSPAN12	0.66058583	0.01346347
TSPAN14	0.61810129	0.02134017
TSPAN18	0.70981105	0.00720364
TSPAN2	0.82059967	0.00098432
TSPAN3	0.6589627	0.01371915
TSPAN33	0.80544887	0.00138504
TSPAN4	0.60217214	0.02497512
TSPAN6	0.64223902	0.01655617
TSPAN9	0.56161587	0.03609664
TTBK2	0.75280196	0.00374855
TTC1	0.64760675	0.01560461
TTC18	0.65515114	0.014333
TTC21B	0.67593341	0.01120969
TTC28	0.83585427	0.00067546
TTC29	0.71463457	0.00673207
TTC31	0.57361424	0.03251537
TTC39A	0.86303075	0.00031172
TTC39B	0.88394619	0.00015261
TTC39C	0.82118065	0.00097092
TTLL1	0.61915367	0.02111376
TTLL11	0.62130432	0.02065624
TTR	0.52455328	0.04880198
TUBA1A	0.60274815	0.02483676
TUBA8	0.76220537	0.00319516
TUBB2A	0.72366334	0.00590988
TUBB2B	0.61734864	0.02150312
TUBD1	0.60583416	0.02410444
TUBGCP4	0.66224935	0.01320493
TYRO3	0.53450463	0.04514007
TYRP1	0.71602342	0.00660053
UBA3	0.67004761	0.01203956
UBAP2	0.60663462	0.02391694
UBASH3B	0.58352369	0.02974502
UBE2F	0.60851974	0.02347935
UBE2Q2P1	0.69986765	0.00825009
UBE3A	0.58555693	0.02919713
UBL3	0.64069476	0.01683728
UBP1	0.658038	0.01386634
UBXN8	0.68086451	0.0105464
UCHL1	0.58972523	0.02809545
UCHL3	0.63056546	0.01876445
UFC1	0.72754199	0.00558003
UFM1	0.62798787	0.01927834
UGP2	0.55985681	0.03664298
UHMK1	0.95977	0.00000145
UHRF1BP1L	0.56518151	0.03500601
ULK3	0.78755777	0.00200153
UMODL1	0.64681038	0.0157433
UNC13B	0.86602522	0.00028348
UNC5D	0.74079927	0.00455293
UPP1	0.64355023	0.01632008
UPP2	0.67349114	0.01154894
URM1	0.59336916	0.02715588
UROS	0.53165156	0.04617078
USH1C	0.80950723	0.0012676
USH2A	0.78501396	0.00210333
USP11	0.76595842	0.00299198
USP13	0.76772931	0.00289948
USP14	0.76132134	0.00324445
USP2	0.66544851	0.01271763
USP31	0.70343954	0.00786241
USP44	0.55867191	0.0370141
USP46	0.68229747	0.01035902
UXS1	0.74531947	0.00423656
VAMP1	0.94684601	0.00000499
VAMP2	0.54879923	0.04020447
VASN	0.53668792	0.04436166
VAT1	0.77166443	0.00270147
VAT1L	0.86946924	0.00025345
VAV1	0.75028981	0.00390755
VAV3	0.9654834	7.34e-7
VBP1	0.57750775	0.03140692
VEZT	0.66883215	0.01221621
VIM	0.56569529	0.03485071
VIPR2	0.92514818	0.0000225
VOPP1	0.57750981	0.03140634
VSTM2A	0.87897866	0.00018292
VSTM2L	0.86718401	0.00027309
VWA3A	0.63037217	0.01880265
VWA5A	0.68125756	0.01049477
VWC2	0.88251785	0.0001609
WARS	0.69539565	0.00875457
WDR44	0.8231906	0.00092562
WDR45L	0.71866293	0.00635566
WDR6	0.7379065	0.00476421
WDR63	0.54231271	0.04239723
WDR66	0.91496257	0.0000394
WDR86	0.84730486	0.00049641
WDR90	0.74931776	0.00397037
WFDC1	0.76376667	0.00310944
WIF1	0.73117157	0.00528365
WIPI1	0.6377484	0.01738286
WNT10B	0.74620965	0.00417621
WNT2	0.88392506	0.00015273
WNT2B	0.72394009	0.00588588
WNT3	0.57837787	0.03116276
WSB2	0.65430164	0.01447241
WSCD1	0.52284316	0.04945024
WSCD2	0.65439764	0.01445661
WWC1	0.73932857	0.00465947
XYLT1	0.90364067	0.0000681
XYLT2	0.88672814	0.00013739
YJEFN3	0.54208119	0.04247693
YKT6	0.52665149	0.04801423
YPEL1	0.85979083	0.00034462
YPEL3	0.6691045	0.01217647
YPEL4	0.61484632	0.02205108
YWHAB	0.52767476	0.04763311
YWHAH	0.68442919	0.01008466
ZADH2	0.73723869	0.00481398
ZBBX	0.73862425	0.00471113
ZBED5	0.69861677	0.00838905
ZBTB1	0.89025184	0.00011981
ZBTB11	0.6428758	0.01644121
ZBTB16	0.84759227	0.00049244
ZBTB34	0.78138524	0.0022551
ZBTB7A	0.77793137	0.00240693
ZC3H7B	0.70666616	0.00752362
ZCCHC10	0.65043014	0.01511982
ZCCHC12	0.92822719	0.0000187
ZCCHC17	0.83290196	0.00072858
ZCCHC8	0.54340081	0.04202399
ZDHHC12	0.55603058	0.03785043
ZDHHC14	0.60363536	0.02462468
ZDHHC17	0.77597955	0.00249598
ZDHHC2	0.71287893	0.00690105
ZDHHC22	0.60504809	0.02428955
ZDHHC23	0.8873486	0.00013416
ZDHHC3	0.592209	0.02745265
ZFAND3	0.55626921	0.03777436
ZFP36	0.5228815	0.04943565
ZFP37	0.73589482	0.00491528
ZFY	0.53442065	0.04517019
ZFYVE19	0.76246796	0.00318062
ZFYVE27	0.69848416	0.00840387
ZFYVE9	0.73666682	0.0048569
ZHX1	0.57075439	0.03334617
ZIC1	0.82112927	0.0009721
ZMAT4	0.78819671	0.00197655
ZMPSTE24	0.67548682	0.01127118
ZMYM4	0.68490774	0.01002379
ZMYM5	0.54750244	0.04063668
ZMYND10	0.68604549	0.00988013
ZMYND8	0.56230774	0.03588325
ZNF136	0.66634672	0.01258313
ZNF143	0.59280861	0.02729899
ZNF193	0.57911468	0.03095701
ZNF223	0.71680101	0.0065277
ZNF232	0.54031174	0.04308932
ZNF271	0.73710296	0.00482414
ZNF273	0.60496643	0.02430883
ZNF295	0.74466734	0.00428119
ZNF323	0.55671947	0.0376311
ZNF385A	0.61788395	0.02138714
ZNF385B	0.84160206	0.00058042
ZNF385D	0.76508004	0.00303865
ZNF394	0.58341209	0.02977529
ZNF423	0.5400081	0.04319499
ZNF436	0.73819806	0.0047426
ZNF449	0.52298724	0.04939541
ZNF454	0.56999191	0.03357007
ZNF502	0.53150844	0.04622288
ZNF503	0.67453761	0.01140269
ZNF507	0.59409876	0.02697036
ZNF510	0.61972371	0.02099181
ZNF544	0.60682151	0.02387331
ZNF557	0.78671473	0.00203486
ZNF57	0.72221101	0.00603694
ZNF586	0.55466241	0.03828856
ZNF620	0.64573615	0.01593174
ZNF642	0.75683559	0.00350323
ZNF655	0.7876894	0.00199637
ZNF667	0.60710806	0.02380652
ZNF673	0.80905128	0.00128041
ZNF701	0.64080044	0.01681794
ZNF786	0.6797689	0.01069129
ZNF792	0.70597172	0.00759563
ZNF804B	0.60496151	0.02431
ZNF821	0.75326189	0.00371996
ZNF830	0.6233311	0.0202314
ZSCAN18	0.6015529	0.02512445
ZYX	0.88103446	0.00016987
ZZZ3	0.77275399	0.00264845
